benchmark,funcs,max_order,include_interactions,depth,hidden,activation,extractor,scheduler,rmse_neural,rmse_sindy,n_terms_extracted,n_true_terms,precision,recall,f1,tp_names,fp_names,fn_names,history_train,history_val,active_terms
Nguyen-1,"id,sin,cos",1,True,1,64,relu,lasso,onecycle,0.14075887392458847,0.08554319821162128,3,3,1.0,1.0,1.0,"['id(x0)', 'sin(x0)', 'cos(x0)']",[],[],"[0.9516239441358126, 0.9473582047682542, 0.9384371317349948, 0.9212399354347816, 0.9156785515638498, 0.9050217958597037, 0.8963823226781992, 0.8819315754450284, 0.868948234961583, 0.8680918354254502, 0.8591015293047979, 0.8419820895561805, 0.8399551098163311, 0.8119869874073908, 0.7982242749287531, 0.7822453471330496, 0.7666418781647315, 0.7502351449086115, 0.729793878702017, 0.7181522020926843, 0.694811238692357, 0.6806155030543988, 0.6587029214088733, 0.6218505616371448, 0.6107900257293994, 0.5725791523089776, 0.5627218324404496, 0.5252960461836594, 0.499217879313689, 0.4764160353403825, 0.44398967119363636, 0.41338916237537676, 0.3824191964589633, 0.3466847791121556, 0.31242401668658626, 0.2859444251427284, 0.25482667409456694, 0.22953687952114984, 0.2073126842196171, 0.18187612639023706, 0.15745302347036508, 0.1424195823761133, 0.12708122111283815, 0.11731558235792014, 0.1027313178548446, 0.09773167681235534, 0.08660832505959731, 0.08105586899014619, 0.07672576462993255, 0.07002659686482869, 0.06288153706834866, 0.05505281085005173, 0.05580251463330709, 0.049707153955331214, 0.045481521636247635, 0.04412998660252644, 0.040801755081002526, 0.04102279503758137, 0.03769298714513962, 0.03601573221385479]","[0.8214535117149353, 0.8123765885829926, 0.8032707497477531, 0.7940741181373596, 0.7846896946430206, 0.7751027569174767, 0.7652107030153275, 0.7549008727073669, 0.7442367821931839, 0.7329853624105453, 0.7211032509803772, 0.7086940631270409, 0.6956828236579895, 0.6819779798388481, 0.6675895005464554, 0.652458906173706, 0.6364329755306244, 0.6195608973503113, 0.6019373908638954, 0.5835759565234184, 0.5643059015274048, 0.5441037975251675, 0.5232712291181087, 0.5017692185938358, 0.47940635681152344, 0.45617347955703735, 0.43199222534894943, 0.4071762412786484, 0.3817795589566231, 0.3558466248214245, 0.3291657976806164, 0.3021551463752985, 0.27494777739048004, 0.2475812118500471, 0.2206510454416275, 0.19469309598207474, 0.17035195417702198, 0.14819675777107477, 0.1288850773125887, 0.11252542678266764, 0.09903988428413868, 0.08792358450591564, 0.07894446142017841, 0.07150765135884285, 0.06483862362802029, 0.05912979692220688, 0.0540380273014307, 0.04940090235322714, 0.04482782632112503, 0.041091824881732464, 0.03768836334347725, 0.034770602360367775, 0.03172803297638893, 0.029516103211790323, 0.027206323575228453, 0.02535594580695033, 0.023353193886578083, 0.021828262601047754, 0.02068009413778782, 0.019284081179648638]","['id(x0)', 'sin(x0)', 'cos(x0)']"
Nguyen-1,"id,sin,cos",1,True,1,64,relu,lasso,steplr,0.03889670468277322,0.08554319821162128,3,3,1.0,1.0,1.0,"['id(x0)', 'sin(x0)', 'cos(x0)']",[],[],"[0.8568682303795447, 0.6701087080515348, 0.5111679022128766, 0.364581429041349, 0.2509616899948854, 0.1694061108506643, 0.12582710499946886, 0.10070231671516712, 0.0811568137544852, 0.07036339663542233, 0.05938127379004772, 0.049556763985982306, 0.04461647340884575, 0.039733378073343865, 0.03507353623326008, 0.030232531806597344, 0.02931778233211774, 0.026982073743756, 0.02562985934603673, 0.025403929587740164, 0.021279896752765544, 0.01993387772773321, 0.02023955936042162, 0.017734794949109737, 0.018081209264122523, 0.015079682477964805, 0.015326124544327076, 0.015641118614719465, 0.014777807232279044, 0.016145346542963616, 0.014043807481917052, 0.013308241676825743, 0.014374355570628094, 0.013365333470014425, 0.011818912525016528, 0.012661865267616052, 0.01271354048871077, 0.0123728710728196, 0.012757555223428287, 0.014376700139389588, 0.01133357547223568, 0.01070075980029427, 0.010645839314048108, 0.010665757044290122, 0.010091974149243189, 0.010155028197914362, 0.009631149829007112, 0.009927267781816997, 0.011137333197089342, 0.010133747154703507, 0.009138223249465227, 0.009304637411752572, 0.009128982702699991, 0.009637451694848446, 0.009429075182057343, 0.009156814991281582, 0.009141219170907369, 0.00991912569420842, 0.008894007187336683, 0.0089977105649618]","[0.6236777007579803, 0.4596029743552208, 0.32585362531244755, 0.21771597862243652, 0.1388844382017851, 0.09366738237440586, 0.07259111385792494, 0.059179944917559624, 0.04907441884279251, 0.03918186295777559, 0.03301838366314769, 0.028141476679593325, 0.023900755681097507, 0.02090930799022317, 0.018449720926582813, 0.01672317460179329, 0.015259578824043274, 0.013360258657485247, 0.01218746486119926, 0.011180805275216699, 0.009509031195193529, 0.008919628337025642, 0.007839353987947106, 0.007106024771928787, 0.00662992475554347, 0.005921404110267758, 0.005592634552158415, 0.0053121126256883144, 0.004841657297220081, 0.004505949968006462, 0.00410097383428365, 0.003905377525370568, 0.003629428567364812, 0.0035237609990872443, 0.0031448756926693022, 0.0032014211174100637, 0.0028002641047351062, 0.002836776664480567, 0.0025556785403750837, 0.0025016830768436193, 0.002343516069231555, 0.002343578962609172, 0.0021430215565487742, 0.002025955240242183, 0.0020146903116256, 0.0019597783975768834, 0.001878309849416837, 0.0017082221456803381, 0.0017307601228822023, 0.0016728395712561905, 0.0016061950591392815, 0.0015998254821170121, 0.0015415393718285486, 0.001473805750720203, 0.001445771602448076, 0.0014181266742525622, 0.0013986161357024685, 0.0013981066877022386, 0.0014509294123854488, 0.0013719849230255932]","['id(x0)', 'sin(x0)', 'cos(x0)']"
Nguyen-1,"id,sin,cos",1,True,1,64,relu,lasso,none,0.03665135269390466,0.08554319821162128,3,3,1.0,1.0,1.0,"['id(x0)', 'sin(x0)', 'cos(x0)']",[],[],"[0.8568682303795447, 0.6701087080515348, 0.5111679022128766, 0.364581429041349, 0.2509616899948854, 0.1694061108506643, 0.12582710499946886, 0.10070231671516712, 0.0811568137544852, 0.07036339663542233, 0.05938127379004772, 0.049556763985982306, 0.04461647340884575, 0.039733378073343865, 0.03507353623326008, 0.030232531806597344, 0.02931778233211774, 0.026982073743756, 0.02562985934603673, 0.025403929587740164, 0.021279896752765544, 0.01993387772773321, 0.02023955936042162, 0.017734794949109737, 0.018081209264122523, 0.015079682477964805, 0.015326124544327076, 0.015641118614719465, 0.014777807232279044, 0.016145346542963616, 0.014043807481917052, 0.013308241676825743, 0.014374355570628094, 0.013365333470014425, 0.011818912525016528, 0.012661865267616052, 0.01271354048871077, 0.0123728710728196, 0.012757555223428287, 0.014376700139389588, 0.01133357547223568, 0.01070075980029427, 0.010645839314048108, 0.010665757044290122, 0.010091974149243189, 0.010155028197914362, 0.009631149829007112, 0.009927267781816997, 0.011137333197089342, 0.010133747154703507, 0.009143640967802359, 0.009254277325593509, 0.009047249797731638, 0.009491348889871286, 0.009276811355868211, 0.008860329130234627, 0.008847500054309001, 0.009590277448296547, 0.00847036069115767, 0.00849933961692911]","[0.6236777007579803, 0.4596029743552208, 0.32585362531244755, 0.21771597862243652, 0.1388844382017851, 0.09366738237440586, 0.07259111385792494, 0.059179944917559624, 0.04907441884279251, 0.03918186295777559, 0.03301838366314769, 0.028141476679593325, 0.023900755681097507, 0.02090930799022317, 0.018449720926582813, 0.01672317460179329, 0.015259578824043274, 0.013360258657485247, 0.01218746486119926, 0.011180805275216699, 0.009509031195193529, 0.008919628337025642, 0.007839353987947106, 0.007106024771928787, 0.00662992475554347, 0.005921404110267758, 0.005592634552158415, 0.0053121126256883144, 0.004841657297220081, 0.004505949968006462, 0.00410097383428365, 0.003905377525370568, 0.003629428567364812, 0.0035237609990872443, 0.0031448756926693022, 0.0032014211174100637, 0.0028002641047351062, 0.002836776664480567, 0.0025556785403750837, 0.0025016830768436193, 0.002343516069231555, 0.002343578962609172, 0.0021430215565487742, 0.002025955240242183, 0.0020146903116256, 0.0019597783975768834, 0.001878309849416837, 0.0017082221456803381, 0.0017307601228822023, 0.0016728395712561905, 0.001612462685443461, 0.0015248686249833554, 0.0014599934220314026, 0.0013482783106155694, 0.0013790332013741136, 0.0012823696888517588, 0.0013033180148340762, 0.0012073253164999187, 0.0012722591345664114, 0.0012458305136533454]","['id(x0)', 'sin(x0)', 'cos(x0)']"
Nguyen-1,"id,sin,cos",1,True,1,64,relu,elastic,onecycle,0.14075887392458847,0.08554319821162128,3,3,1.0,1.0,1.0,"['id(x0)', 'sin(x0)', 'cos(x0)']",[],[],"[0.9516239441358126, 0.9473582047682542, 0.9384371317349948, 0.9212399354347816, 0.9156785515638498, 0.9050217958597037, 0.8963823226781992, 0.8819315754450284, 0.868948234961583, 0.8680918354254502, 0.8591015293047979, 0.8419820895561805, 0.8399551098163311, 0.8119869874073908, 0.7982242749287531, 0.7822453471330496, 0.7666418781647315, 0.7502351449086115, 0.729793878702017, 0.7181522020926843, 0.694811238692357, 0.6806155030543988, 0.6587029214088733, 0.6218505616371448, 0.6107900257293994, 0.5725791523089776, 0.5627218324404496, 0.5252960461836594, 0.499217879313689, 0.4764160353403825, 0.44398967119363636, 0.41338916237537676, 0.3824191964589633, 0.3466847791121556, 0.31242401668658626, 0.2859444251427284, 0.25482667409456694, 0.22953687952114984, 0.2073126842196171, 0.18187612639023706, 0.15745302347036508, 0.1424195823761133, 0.12708122111283815, 0.11731558235792014, 0.1027313178548446, 0.09773167681235534, 0.08660832505959731, 0.08105586899014619, 0.07672576462993255, 0.07002659686482869, 0.06288153706834866, 0.05505281085005173, 0.05580251463330709, 0.049707153955331214, 0.045481521636247635, 0.04412998660252644, 0.040801755081002526, 0.04102279503758137, 0.03769298714513962, 0.03601573221385479]","[0.8214535117149353, 0.8123765885829926, 0.8032707497477531, 0.7940741181373596, 0.7846896946430206, 0.7751027569174767, 0.7652107030153275, 0.7549008727073669, 0.7442367821931839, 0.7329853624105453, 0.7211032509803772, 0.7086940631270409, 0.6956828236579895, 0.6819779798388481, 0.6675895005464554, 0.652458906173706, 0.6364329755306244, 0.6195608973503113, 0.6019373908638954, 0.5835759565234184, 0.5643059015274048, 0.5441037975251675, 0.5232712291181087, 0.5017692185938358, 0.47940635681152344, 0.45617347955703735, 0.43199222534894943, 0.4071762412786484, 0.3817795589566231, 0.3558466248214245, 0.3291657976806164, 0.3021551463752985, 0.27494777739048004, 0.2475812118500471, 0.2206510454416275, 0.19469309598207474, 0.17035195417702198, 0.14819675777107477, 0.1288850773125887, 0.11252542678266764, 0.09903988428413868, 0.08792358450591564, 0.07894446142017841, 0.07150765135884285, 0.06483862362802029, 0.05912979692220688, 0.0540380273014307, 0.04940090235322714, 0.04482782632112503, 0.041091824881732464, 0.03768836334347725, 0.034770602360367775, 0.03172803297638893, 0.029516103211790323, 0.027206323575228453, 0.02535594580695033, 0.023353193886578083, 0.021828262601047754, 0.02068009413778782, 0.019284081179648638]","['id(x0)', 'sin(x0)', 'cos(x0)']"
Nguyen-1,"id,sin,cos",1,True,1,64,relu,elastic,steplr,0.03889670468277322,0.08554319821162128,3,3,1.0,1.0,1.0,"['id(x0)', 'sin(x0)', 'cos(x0)']",[],[],"[0.8568682303795447, 0.6701087080515348, 0.5111679022128766, 0.364581429041349, 0.2509616899948854, 0.1694061108506643, 0.12582710499946886, 0.10070231671516712, 0.0811568137544852, 0.07036339663542233, 0.05938127379004772, 0.049556763985982306, 0.04461647340884575, 0.039733378073343865, 0.03507353623326008, 0.030232531806597344, 0.02931778233211774, 0.026982073743756, 0.02562985934603673, 0.025403929587740164, 0.021279896752765544, 0.01993387772773321, 0.02023955936042162, 0.017734794949109737, 0.018081209264122523, 0.015079682477964805, 0.015326124544327076, 0.015641118614719465, 0.014777807232279044, 0.016145346542963616, 0.014043807481917052, 0.013308241676825743, 0.014374355570628094, 0.013365333470014425, 0.011818912525016528, 0.012661865267616052, 0.01271354048871077, 0.0123728710728196, 0.012757555223428287, 0.014376700139389588, 0.01133357547223568, 0.01070075980029427, 0.010645839314048108, 0.010665757044290122, 0.010091974149243189, 0.010155028197914362, 0.009631149829007112, 0.009927267781816997, 0.011137333197089342, 0.010133747154703507, 0.009138223249465227, 0.009304637411752572, 0.009128982702699991, 0.009637451694848446, 0.009429075182057343, 0.009156814991281582, 0.009141219170907369, 0.00991912569420842, 0.008894007187336683, 0.0089977105649618]","[0.6236777007579803, 0.4596029743552208, 0.32585362531244755, 0.21771597862243652, 0.1388844382017851, 0.09366738237440586, 0.07259111385792494, 0.059179944917559624, 0.04907441884279251, 0.03918186295777559, 0.03301838366314769, 0.028141476679593325, 0.023900755681097507, 0.02090930799022317, 0.018449720926582813, 0.01672317460179329, 0.015259578824043274, 0.013360258657485247, 0.01218746486119926, 0.011180805275216699, 0.009509031195193529, 0.008919628337025642, 0.007839353987947106, 0.007106024771928787, 0.00662992475554347, 0.005921404110267758, 0.005592634552158415, 0.0053121126256883144, 0.004841657297220081, 0.004505949968006462, 0.00410097383428365, 0.003905377525370568, 0.003629428567364812, 0.0035237609990872443, 0.0031448756926693022, 0.0032014211174100637, 0.0028002641047351062, 0.002836776664480567, 0.0025556785403750837, 0.0025016830768436193, 0.002343516069231555, 0.002343578962609172, 0.0021430215565487742, 0.002025955240242183, 0.0020146903116256, 0.0019597783975768834, 0.001878309849416837, 0.0017082221456803381, 0.0017307601228822023, 0.0016728395712561905, 0.0016061950591392815, 0.0015998254821170121, 0.0015415393718285486, 0.001473805750720203, 0.001445771602448076, 0.0014181266742525622, 0.0013986161357024685, 0.0013981066877022386, 0.0014509294123854488, 0.0013719849230255932]","['id(x0)', 'sin(x0)', 'cos(x0)']"
Nguyen-1,"id,sin,cos",1,True,1,64,relu,elastic,none,0.03665135269390466,0.08554319821162128,3,3,1.0,1.0,1.0,"['id(x0)', 'sin(x0)', 'cos(x0)']",[],[],"[0.8568682303795447, 0.6701087080515348, 0.5111679022128766, 0.364581429041349, 0.2509616899948854, 0.1694061108506643, 0.12582710499946886, 0.10070231671516712, 0.0811568137544852, 0.07036339663542233, 0.05938127379004772, 0.049556763985982306, 0.04461647340884575, 0.039733378073343865, 0.03507353623326008, 0.030232531806597344, 0.02931778233211774, 0.026982073743756, 0.02562985934603673, 0.025403929587740164, 0.021279896752765544, 0.01993387772773321, 0.02023955936042162, 0.017734794949109737, 0.018081209264122523, 0.015079682477964805, 0.015326124544327076, 0.015641118614719465, 0.014777807232279044, 0.016145346542963616, 0.014043807481917052, 0.013308241676825743, 0.014374355570628094, 0.013365333470014425, 0.011818912525016528, 0.012661865267616052, 0.01271354048871077, 0.0123728710728196, 0.012757555223428287, 0.014376700139389588, 0.01133357547223568, 0.01070075980029427, 0.010645839314048108, 0.010665757044290122, 0.010091974149243189, 0.010155028197914362, 0.009631149829007112, 0.009927267781816997, 0.011137333197089342, 0.010133747154703507, 0.009143640967802359, 0.009254277325593509, 0.009047249797731638, 0.009491348889871286, 0.009276811355868211, 0.008860329130234627, 0.008847500054309001, 0.009590277448296547, 0.00847036069115767, 0.00849933961692911]","[0.6236777007579803, 0.4596029743552208, 0.32585362531244755, 0.21771597862243652, 0.1388844382017851, 0.09366738237440586, 0.07259111385792494, 0.059179944917559624, 0.04907441884279251, 0.03918186295777559, 0.03301838366314769, 0.028141476679593325, 0.023900755681097507, 0.02090930799022317, 0.018449720926582813, 0.01672317460179329, 0.015259578824043274, 0.013360258657485247, 0.01218746486119926, 0.011180805275216699, 0.009509031195193529, 0.008919628337025642, 0.007839353987947106, 0.007106024771928787, 0.00662992475554347, 0.005921404110267758, 0.005592634552158415, 0.0053121126256883144, 0.004841657297220081, 0.004505949968006462, 0.00410097383428365, 0.003905377525370568, 0.003629428567364812, 0.0035237609990872443, 0.0031448756926693022, 0.0032014211174100637, 0.0028002641047351062, 0.002836776664480567, 0.0025556785403750837, 0.0025016830768436193, 0.002343516069231555, 0.002343578962609172, 0.0021430215565487742, 0.002025955240242183, 0.0020146903116256, 0.0019597783975768834, 0.001878309849416837, 0.0017082221456803381, 0.0017307601228822023, 0.0016728395712561905, 0.001612462685443461, 0.0015248686249833554, 0.0014599934220314026, 0.0013482783106155694, 0.0013790332013741136, 0.0012823696888517588, 0.0013033180148340762, 0.0012073253164999187, 0.0012722591345664114, 0.0012458305136533454]","['id(x0)', 'sin(x0)', 'cos(x0)']"
Nguyen-1,"id,sin,cos",1,True,1,64,gelu,lasso,onecycle,0.18985183927565374,0.08554319821162128,3,3,1.0,1.0,1.0,"['id(x0)', 'sin(x0)', 'cos(x0)']",[],[],"[0.9454922951184787, 0.9425151898310735, 0.9346938683436468, 0.9188368733112628, 0.91380552145151, 0.9028937037174518, 0.8989243048887986, 0.8817560351811923, 0.8718294959801894, 0.8704291444558364, 0.8655926264249362, 0.8478824908916767, 0.8480686270273649, 0.8186976267741277, 0.8054680961828965, 0.7963041663169861, 0.7811578099544232, 0.7667950162520776, 0.7473067136911246, 0.7339054208535415, 0.7169657349586487, 0.7043648132911096, 0.6849011114010444, 0.647184261908898, 0.6386957237353692, 0.6005739500889411, 0.5952989917535049, 0.55843896819995, 0.5325199915812566, 0.5130790838828454, 0.4827600671694829, 0.45346890275294965, 0.42403944868307847, 0.38974579251729524, 0.35756975412368774, 0.3304956028094658, 0.3009224912294975, 0.27494461032060474, 0.25001484843400806, 0.2202685343531462, 0.19299773069528434, 0.17631942606889284, 0.15592337858218414, 0.14447250159887168, 0.12889577734928864, 0.12360574190433209, 0.11143743418730222, 0.10662220934262642, 0.10213658958673477, 0.09665097009677154, 0.08880712263859235, 0.08079691747060189, 0.08172689492885883, 0.07543813322599117, 0.07098518598538178, 0.06730571905007729, 0.06297723662394744, 0.0616763812991289, 0.057784370218332, 0.05426853895187378]","[0.7810404300689697, 0.7736504822969437, 0.7662395536899567, 0.7587660700082779, 0.7511506304144859, 0.743355393409729, 0.7352509722113609, 0.7267698347568512, 0.7180094718933105, 0.7087038159370422, 0.6988533586263657, 0.6885499507188797, 0.6777345240116119, 0.6662900298833847, 0.654152438044548, 0.6414049193263054, 0.6278679370880127, 0.6135951727628708, 0.5985936708748341, 0.5828891508281231, 0.5662542507052422, 0.5487328805029392, 0.5305707603693008, 0.5116608031094074, 0.4918217957019806, 0.47116680815815926, 0.4494527131319046, 0.42711155861616135, 0.4041280224919319, 0.3803806006908417, 0.3557346537709236, 0.3306334391236305, 0.30501142144203186, 0.2790743336081505, 0.25317521393299103, 0.22763077914714813, 0.20287281647324562, 0.17936607729643583, 0.1580413170158863, 0.13895797729492188, 0.12264341488480568, 0.10908130370080471, 0.09828449506312609, 0.08986219204962254, 0.08299698680639267, 0.07776967063546181, 0.07343688141554594, 0.06964960880577564, 0.06595064140856266, 0.0629455465823412, 0.05988822877407074, 0.05701611656695604, 0.05362182389944792, 0.05108829867094755, 0.048175690695643425, 0.04553513415157795, 0.04261544160544872, 0.04019417241215706, 0.03819816838949919, 0.0358229149132967]","['id(x0)', 'sin(x0)', 'cos(x0)']"
Nguyen-1,"id,sin,cos",1,True,1,64,gelu,lasso,steplr,0.05086733890017121,0.08554319821162128,3,3,1.0,1.0,1.0,"['id(x0)', 'sin(x0)', 'cos(x0)']",[],[],"[0.8614678153624902, 0.6876707948171176, 0.5350641378989587, 0.39132075814100414, 0.27742901329810804, 0.1908831401513173, 0.143599146260665, 0.11622154941925636, 0.1011118831542822, 0.09108561105453052, 0.08198948376453839, 0.07156929860894497, 0.06446722751626602, 0.058400203115664996, 0.051171815739228174, 0.044946287687008195, 0.04211505874991417, 0.03837582010489244, 0.035956874346503846, 0.03513139314376391, 0.03008127871614236, 0.027533154504803512, 0.027948672525011577, 0.025198935746000364, 0.02459755941079213, 0.021761328268509645, 0.022158366556351002, 0.022096089015786465, 0.020433476338019736, 0.02137005844941506, 0.018647866753431466, 0.018149645999073982, 0.017681935945382483, 0.016732087215551965, 0.01567736783852944, 0.014761755099663368, 0.015451631365487209, 0.015004930444634877, 0.015387692488729954, 0.01578118007343549, 0.012872124234071145, 0.012883960412671933, 0.011620441953150125, 0.012289481237530708, 0.010960395734470624, 0.010962421790911602, 0.009730686648533894, 0.010194647054259594, 0.010840514603142556, 0.00883858074219181, 0.008916369675157161, 0.00859005545051052, 0.009042345202313019, 0.009641218715562271, 0.008110102910835009, 0.009143658949492069, 0.007876633953016538, 0.00852046924858139, 0.007828926273549978, 0.008124210656835483]","[0.6168573200702667, 0.47018206119537354, 0.34451155364513397, 0.23751838505268097, 0.15575419180095196, 0.10550723690539598, 0.08343333750963211, 0.07402313500642776, 0.06751057226210833, 0.0585694732144475, 0.05238658748567104, 0.046121975407004356, 0.04028689954429865, 0.03597778081893921, 0.03214672161266208, 0.029518041294068098, 0.026912213768810034, 0.024650550447404385, 0.02320975111797452, 0.021944560576230288, 0.020150153897702694, 0.01990368263795972, 0.018689315766096115, 0.018087866716086864, 0.017504637828096747, 0.016631376929581165, 0.016100862296298146, 0.015487035736441612, 0.0148363437037915, 0.014193755574524403, 0.01332672918215394, 0.012730631977319717, 0.012073391815647483, 0.011657369555905461, 0.010782945668324828, 0.010468611726537347, 0.009641071315854788, 0.009153461083769798, 0.008784522418864071, 0.00817506539169699, 0.007535149343311787, 0.00745394011028111, 0.006585272261872888, 0.006119917030446231, 0.005760853877291083, 0.005321345408447087, 0.004997862270101905, 0.0044603231362998486, 0.004193170345388353, 0.0038677637930959463, 0.003719580650795251, 0.003654264786746353, 0.0034780537243932486, 0.003347772522829473, 0.00318093755049631, 0.0030478013795800507, 0.0029083731351420283, 0.002803002716973424, 0.0028327832696959376, 0.002666366519406438]","['id(x0)', 'sin(x0)', 'cos(x0)']"
Nguyen-1,"id,sin,cos",1,True,1,64,gelu,lasso,none,0.04193441160213702,0.08554319821162128,3,3,1.0,1.0,1.0,"['id(x0)', 'sin(x0)', 'cos(x0)']",[],[],"[0.8614678153624902, 0.6876707948171176, 0.5350641378989587, 0.39132075814100414, 0.27742901329810804, 0.1908831401513173, 0.143599146260665, 0.11622154941925636, 0.1011118831542822, 0.09108561105453052, 0.08198948376453839, 0.07156929860894497, 0.06446722751626602, 0.058400203115664996, 0.051171815739228174, 0.044946287687008195, 0.04211505874991417, 0.03837582010489244, 0.035956874346503846, 0.03513139314376391, 0.03008127871614236, 0.027533154504803512, 0.027948672525011577, 0.025198935746000364, 0.02459755941079213, 0.021761328268509645, 0.022158366556351002, 0.022096089015786465, 0.020433476338019736, 0.02137005844941506, 0.018647866753431466, 0.018149645999073982, 0.017681935945382483, 0.016732087215551965, 0.01567736783852944, 0.014761755099663368, 0.015451631365487209, 0.015004930444634877, 0.015387692488729954, 0.01578118007343549, 0.012872124234071145, 0.012883960412671933, 0.011620441953150125, 0.012289481237530708, 0.010960395734470624, 0.010962421790911602, 0.009730686648533894, 0.010194647054259594, 0.010840514603142556, 0.00883858074219181, 0.008894465111482602, 0.008449521703788867, 0.008817827723060664, 0.009295089743458308, 0.00772315775975585, 0.008589138312695118, 0.0073145684571220325, 0.007823363161430908, 0.007113631743078048, 0.007331913408751671]","[0.6168573200702667, 0.47018206119537354, 0.34451155364513397, 0.23751838505268097, 0.15575419180095196, 0.10550723690539598, 0.08343333750963211, 0.07402313500642776, 0.06751057226210833, 0.0585694732144475, 0.05238658748567104, 0.046121975407004356, 0.04028689954429865, 0.03597778081893921, 0.03214672161266208, 0.029518041294068098, 0.026912213768810034, 0.024650550447404385, 0.02320975111797452, 0.021944560576230288, 0.020150153897702694, 0.01990368263795972, 0.018689315766096115, 0.018087866716086864, 0.017504637828096747, 0.016631376929581165, 0.016100862296298146, 0.015487035736441612, 0.0148363437037915, 0.014193755574524403, 0.01332672918215394, 0.012730631977319717, 0.012073391815647483, 0.011657369555905461, 0.010782945668324828, 0.010468611726537347, 0.009641071315854788, 0.009153461083769798, 0.008784522418864071, 0.00817506539169699, 0.007535149343311787, 0.00745394011028111, 0.006585272261872888, 0.006119917030446231, 0.005760853877291083, 0.005321345408447087, 0.004997862270101905, 0.0044603231362998486, 0.004193170345388353, 0.0038677637930959463, 0.003658954577986151, 0.0033223038190044463, 0.003119547211099416, 0.002820251975208521, 0.0026201484724879265, 0.0024302593083120883, 0.002264705311972648, 0.002094065654091537, 0.002078265999443829, 0.001821905025281012]","['id(x0)', 'sin(x0)', 'cos(x0)']"
Nguyen-1,"id,sin,cos",1,True,1,64,gelu,elastic,onecycle,0.18985183927565374,0.08554319821162128,3,3,1.0,1.0,1.0,"['id(x0)', 'sin(x0)', 'cos(x0)']",[],[],"[0.9454922951184787, 0.9425151898310735, 0.9346938683436468, 0.9188368733112628, 0.91380552145151, 0.9028937037174518, 0.8989243048887986, 0.8817560351811923, 0.8718294959801894, 0.8704291444558364, 0.8655926264249362, 0.8478824908916767, 0.8480686270273649, 0.8186976267741277, 0.8054680961828965, 0.7963041663169861, 0.7811578099544232, 0.7667950162520776, 0.7473067136911246, 0.7339054208535415, 0.7169657349586487, 0.7043648132911096, 0.6849011114010444, 0.647184261908898, 0.6386957237353692, 0.6005739500889411, 0.5952989917535049, 0.55843896819995, 0.5325199915812566, 0.5130790838828454, 0.4827600671694829, 0.45346890275294965, 0.42403944868307847, 0.38974579251729524, 0.35756975412368774, 0.3304956028094658, 0.3009224912294975, 0.27494461032060474, 0.25001484843400806, 0.2202685343531462, 0.19299773069528434, 0.17631942606889284, 0.15592337858218414, 0.14447250159887168, 0.12889577734928864, 0.12360574190433209, 0.11143743418730222, 0.10662220934262642, 0.10213658958673477, 0.09665097009677154, 0.08880712263859235, 0.08079691747060189, 0.08172689492885883, 0.07543813322599117, 0.07098518598538178, 0.06730571905007729, 0.06297723662394744, 0.0616763812991289, 0.057784370218332, 0.05426853895187378]","[0.7810404300689697, 0.7736504822969437, 0.7662395536899567, 0.7587660700082779, 0.7511506304144859, 0.743355393409729, 0.7352509722113609, 0.7267698347568512, 0.7180094718933105, 0.7087038159370422, 0.6988533586263657, 0.6885499507188797, 0.6777345240116119, 0.6662900298833847, 0.654152438044548, 0.6414049193263054, 0.6278679370880127, 0.6135951727628708, 0.5985936708748341, 0.5828891508281231, 0.5662542507052422, 0.5487328805029392, 0.5305707603693008, 0.5116608031094074, 0.4918217957019806, 0.47116680815815926, 0.4494527131319046, 0.42711155861616135, 0.4041280224919319, 0.3803806006908417, 0.3557346537709236, 0.3306334391236305, 0.30501142144203186, 0.2790743336081505, 0.25317521393299103, 0.22763077914714813, 0.20287281647324562, 0.17936607729643583, 0.1580413170158863, 0.13895797729492188, 0.12264341488480568, 0.10908130370080471, 0.09828449506312609, 0.08986219204962254, 0.08299698680639267, 0.07776967063546181, 0.07343688141554594, 0.06964960880577564, 0.06595064140856266, 0.0629455465823412, 0.05988822877407074, 0.05701611656695604, 0.05362182389944792, 0.05108829867094755, 0.048175690695643425, 0.04553513415157795, 0.04261544160544872, 0.04019417241215706, 0.03819816838949919, 0.0358229149132967]","['id(x0)', 'sin(x0)', 'cos(x0)']"
Nguyen-1,"id,sin,cos",1,True,1,64,gelu,elastic,steplr,0.05086733890017121,0.08554319821162128,3,3,1.0,1.0,1.0,"['id(x0)', 'sin(x0)', 'cos(x0)']",[],[],"[0.8614678153624902, 0.6876707948171176, 0.5350641378989587, 0.39132075814100414, 0.27742901329810804, 0.1908831401513173, 0.143599146260665, 0.11622154941925636, 0.1011118831542822, 0.09108561105453052, 0.08198948376453839, 0.07156929860894497, 0.06446722751626602, 0.058400203115664996, 0.051171815739228174, 0.044946287687008195, 0.04211505874991417, 0.03837582010489244, 0.035956874346503846, 0.03513139314376391, 0.03008127871614236, 0.027533154504803512, 0.027948672525011577, 0.025198935746000364, 0.02459755941079213, 0.021761328268509645, 0.022158366556351002, 0.022096089015786465, 0.020433476338019736, 0.02137005844941506, 0.018647866753431466, 0.018149645999073982, 0.017681935945382483, 0.016732087215551965, 0.01567736783852944, 0.014761755099663368, 0.015451631365487209, 0.015004930444634877, 0.015387692488729954, 0.01578118007343549, 0.012872124234071145, 0.012883960412671933, 0.011620441953150125, 0.012289481237530708, 0.010960395734470624, 0.010962421790911602, 0.009730686648533894, 0.010194647054259594, 0.010840514603142556, 0.00883858074219181, 0.008916369675157161, 0.00859005545051052, 0.009042345202313019, 0.009641218715562271, 0.008110102910835009, 0.009143658949492069, 0.007876633953016538, 0.00852046924858139, 0.007828926273549978, 0.008124210656835483]","[0.6168573200702667, 0.47018206119537354, 0.34451155364513397, 0.23751838505268097, 0.15575419180095196, 0.10550723690539598, 0.08343333750963211, 0.07402313500642776, 0.06751057226210833, 0.0585694732144475, 0.05238658748567104, 0.046121975407004356, 0.04028689954429865, 0.03597778081893921, 0.03214672161266208, 0.029518041294068098, 0.026912213768810034, 0.024650550447404385, 0.02320975111797452, 0.021944560576230288, 0.020150153897702694, 0.01990368263795972, 0.018689315766096115, 0.018087866716086864, 0.017504637828096747, 0.016631376929581165, 0.016100862296298146, 0.015487035736441612, 0.0148363437037915, 0.014193755574524403, 0.01332672918215394, 0.012730631977319717, 0.012073391815647483, 0.011657369555905461, 0.010782945668324828, 0.010468611726537347, 0.009641071315854788, 0.009153461083769798, 0.008784522418864071, 0.00817506539169699, 0.007535149343311787, 0.00745394011028111, 0.006585272261872888, 0.006119917030446231, 0.005760853877291083, 0.005321345408447087, 0.004997862270101905, 0.0044603231362998486, 0.004193170345388353, 0.0038677637930959463, 0.003719580650795251, 0.003654264786746353, 0.0034780537243932486, 0.003347772522829473, 0.00318093755049631, 0.0030478013795800507, 0.0029083731351420283, 0.002803002716973424, 0.0028327832696959376, 0.002666366519406438]","['id(x0)', 'sin(x0)', 'cos(x0)']"
Nguyen-1,"id,sin,cos",1,True,1,64,gelu,elastic,none,0.04193441160213702,0.08554319821162128,3,3,1.0,1.0,1.0,"['id(x0)', 'sin(x0)', 'cos(x0)']",[],[],"[0.8614678153624902, 0.6876707948171176, 0.5350641378989587, 0.39132075814100414, 0.27742901329810804, 0.1908831401513173, 0.143599146260665, 0.11622154941925636, 0.1011118831542822, 0.09108561105453052, 0.08198948376453839, 0.07156929860894497, 0.06446722751626602, 0.058400203115664996, 0.051171815739228174, 0.044946287687008195, 0.04211505874991417, 0.03837582010489244, 0.035956874346503846, 0.03513139314376391, 0.03008127871614236, 0.027533154504803512, 0.027948672525011577, 0.025198935746000364, 0.02459755941079213, 0.021761328268509645, 0.022158366556351002, 0.022096089015786465, 0.020433476338019736, 0.02137005844941506, 0.018647866753431466, 0.018149645999073982, 0.017681935945382483, 0.016732087215551965, 0.01567736783852944, 0.014761755099663368, 0.015451631365487209, 0.015004930444634877, 0.015387692488729954, 0.01578118007343549, 0.012872124234071145, 0.012883960412671933, 0.011620441953150125, 0.012289481237530708, 0.010960395734470624, 0.010962421790911602, 0.009730686648533894, 0.010194647054259594, 0.010840514603142556, 0.00883858074219181, 0.008894465111482602, 0.008449521703788867, 0.008817827723060664, 0.009295089743458308, 0.00772315775975585, 0.008589138312695118, 0.0073145684571220325, 0.007823363161430908, 0.007113631743078048, 0.007331913408751671]","[0.6168573200702667, 0.47018206119537354, 0.34451155364513397, 0.23751838505268097, 0.15575419180095196, 0.10550723690539598, 0.08343333750963211, 0.07402313500642776, 0.06751057226210833, 0.0585694732144475, 0.05238658748567104, 0.046121975407004356, 0.04028689954429865, 0.03597778081893921, 0.03214672161266208, 0.029518041294068098, 0.026912213768810034, 0.024650550447404385, 0.02320975111797452, 0.021944560576230288, 0.020150153897702694, 0.01990368263795972, 0.018689315766096115, 0.018087866716086864, 0.017504637828096747, 0.016631376929581165, 0.016100862296298146, 0.015487035736441612, 0.0148363437037915, 0.014193755574524403, 0.01332672918215394, 0.012730631977319717, 0.012073391815647483, 0.011657369555905461, 0.010782945668324828, 0.010468611726537347, 0.009641071315854788, 0.009153461083769798, 0.008784522418864071, 0.00817506539169699, 0.007535149343311787, 0.00745394011028111, 0.006585272261872888, 0.006119917030446231, 0.005760853877291083, 0.005321345408447087, 0.004997862270101905, 0.0044603231362998486, 0.004193170345388353, 0.0038677637930959463, 0.003658954577986151, 0.0033223038190044463, 0.003119547211099416, 0.002820251975208521, 0.0026201484724879265, 0.0024302593083120883, 0.002264705311972648, 0.002094065654091537, 0.002078265999443829, 0.001821905025281012]","['id(x0)', 'sin(x0)', 'cos(x0)']"
Nguyen-1,"id,sin,cos",1,True,1,64,tanh,lasso,onecycle,0.215851329157668,0.08554319821162128,3,3,1.0,1.0,1.0,"['id(x0)', 'sin(x0)', 'cos(x0)']",[],[],"[1.0238965291243334, 1.0160265198120704, 0.9987383759938754, 0.9771802196135888, 0.9660478509389437, 0.9457440651380099, 0.9440105740840619, 0.9149293349339411, 0.8998419275650611, 0.893320267017071, 0.8847977885833154, 0.8526515318797185, 0.8488363256821265, 0.8071439587152921, 0.7801916828522315, 0.76871002637423, 0.7428975793031546, 0.7186270906375005, 0.6903842229109544, 0.661037266254425, 0.639743488568526, 0.6170512346120981, 0.5857209379856403, 0.5395136131690099, 0.5199180497572973, 0.46896093625288743, 0.4551943013301262, 0.41295085274256194, 0.37356804655148435, 0.34877336942232573, 0.31402328266547275, 0.2839324703583351, 0.2514275828233132, 0.22257227622545683, 0.1964202202283419, 0.17100669214358696, 0.15940828105578056, 0.14799006168658918, 0.14088492267406905, 0.1325646466933764, 0.12549938490757576, 0.12342534271570352, 0.11683615812888512, 0.11667180806398392, 0.11022654920816422, 0.11152693170767564, 0.10682900651143147, 0.10395404008718637, 0.10240474629860657, 0.10010417149617122, 0.09366734612446564, 0.08939207459871586, 0.09097930502433044, 0.08633194405298966, 0.08329184869161019, 0.07973421479646976, 0.07652185140894009, 0.07551505817816807, 0.0728793482367809, 0.06996365120777717]","[0.8256742730736732, 0.8133544102311134, 0.8010050505399704, 0.7885422110557556, 0.7758564427495003, 0.7628778368234634, 0.7493955045938492, 0.7353408187627792, 0.7208442687988281, 0.7055249661207199, 0.6893865168094635, 0.6725054904818535, 0.654862567782402, 0.6362974047660828, 0.6166935041546822, 0.5962476581335068, 0.5747112780809402, 0.552258063107729, 0.5288806930184364, 0.5047016963362694, 0.47940148785710335, 0.4531552977859974, 0.42640604078769684, 0.39902979508042336, 0.3709731139242649, 0.34278200939297676, 0.31402819231152534, 0.28576721996068954, 0.25787256099283695, 0.2305649220943451, 0.20416251569986343, 0.1792688723653555, 0.15594814624637365, 0.1355553586035967, 0.11877385433763266, 0.10636151768267155, 0.09798865392804146, 0.0925934910774231, 0.08935596700757742, 0.08701351098716259, 0.084847591817379, 0.08334257081151009, 0.08195969462394714, 0.08038950338959694, 0.07789917010813951, 0.07554677687585354, 0.07326640281826258, 0.07089983019977808, 0.06826882716268301, 0.06656081601977348, 0.06421864125877619, 0.06187891401350498, 0.05921939481049776, 0.05763205885887146, 0.054889279417693615, 0.053391982801258564, 0.050985448993742466, 0.049113149754703045, 0.04754439368844032, 0.045323921367526054]","['id(x0)', 'sin(x0)', 'cos(x0)']"
Nguyen-1,"id,sin,cos",1,True,1,64,tanh,lasso,steplr,0.13323749426966458,0.08554319821162128,3,3,1.0,1.0,1.0,"['id(x0)', 'sin(x0)', 'cos(x0)']",[],[],"[0.8785613683553842, 0.5912605134340433, 0.3737662938924936, 0.21654521616605613, 0.14532857674818772, 0.12150232551189569, 0.12071291414590982, 0.10848018641655262, 0.09971838616407834, 0.09295695962814185, 0.08664195640729024, 0.07964566779824403, 0.0753842368721962, 0.06897305639890525, 0.0644715829537465, 0.059412428679374546, 0.05601621505159598, 0.05338119371579243, 0.04922832204745366, 0.04910761003310864, 0.0473715436573212, 0.04362754838970991, 0.04335778177930759, 0.04134597872885374, 0.03933807233205208, 0.03737022842352207, 0.03851239669781465, 0.03825854682005369, 0.03648655832960056, 0.03520700822655971, 0.03385317812745388, 0.035140302032232285, 0.03457195498049259, 0.03352132009772154, 0.03469672971046888, 0.031096721927707013, 0.03289632269969353, 0.03206916325367414, 0.03189258334728388, 0.033328960434748575, 0.030874712392687798, 0.03180246986448765, 0.02969317539380147, 0.03137659209852035, 0.029333210478608426, 0.02966741930979949, 0.03036423371388362, 0.028687895490573004, 0.030365071904200774, 0.029117243651014108, 0.027617591648147657, 0.02637343882368161, 0.02778817441027898, 0.028691598142568882, 0.028412084166820232, 0.028655757697728965, 0.02683270865908036, 0.028367509205753986, 0.027051067266326684, 0.027279431716753885]","[0.5591201633214951, 0.3424251787364483, 0.19050594326108694, 0.1075980830937624, 0.0908975824713707, 0.08994841761887074, 0.08139456622302532, 0.07213337905704975, 0.06479947082698345, 0.059235913679003716, 0.05524101294577122, 0.05067497119307518, 0.04594259522855282, 0.04211907275021076, 0.040172211825847626, 0.03656269982457161, 0.035567499697208405, 0.03182718576863408, 0.030610369984060526, 0.02852727472782135, 0.027801611460745335, 0.026384172961115837, 0.024859472177922726, 0.02533128811046481, 0.024022043216973543, 0.023536153603345156, 0.023620035964995623, 0.02288881503045559, 0.022879249416291714, 0.022113292012363672, 0.022088145837187767, 0.021547322627156973, 0.02095548715442419, 0.022900215815752745, 0.02075623767450452, 0.02153825992718339, 0.020512531511485577, 0.021604963578283787, 0.020254965405911207, 0.02081166859716177, 0.020013551227748394, 0.021108731161803007, 0.019726522266864777, 0.01956910826265812, 0.01967416051775217, 0.019296472892165184, 0.01940466044470668, 0.018756328616291285, 0.01864195941016078, 0.018886497244238853, 0.01917847990989685, 0.01873812498524785, 0.018853580113500357, 0.01834498578682542, 0.018494141288101673, 0.018366906326264143, 0.018547414802014828, 0.018133049365133047, 0.018496713135391474, 0.018085249699652195]","['id(x0)', 'sin(x0)', 'cos(x0)']"
Nguyen-1,"id,sin,cos",1,True,1,64,tanh,lasso,none,0.13105541372774404,0.08554319821162128,3,3,1.0,1.0,1.0,"['id(x0)', 'sin(x0)', 'cos(x0)']",[],[],"[0.8785613683553842, 0.5912605134340433, 0.3737662938924936, 0.21654521616605613, 0.14532857674818772, 0.12150232551189569, 0.12071291414590982, 0.10848018641655262, 0.09971838616407834, 0.09295695962814185, 0.08664195640729024, 0.07964566779824403, 0.0753842368721962, 0.06897305639890525, 0.0644715829537465, 0.059412428679374546, 0.05601621505159598, 0.05338119371579243, 0.04922832204745366, 0.04910761003310864, 0.0473715436573212, 0.04362754838970991, 0.04335778177930759, 0.04134597872885374, 0.03933807233205208, 0.03737022842352207, 0.03851239669781465, 0.03825854682005369, 0.03648655832960056, 0.03520700822655971, 0.03385317812745388, 0.035140302032232285, 0.03457195498049259, 0.03352132009772154, 0.03469672971046888, 0.031096721927707013, 0.03289632269969353, 0.03206916325367414, 0.03189258334728388, 0.033328960434748575, 0.030874712392687798, 0.03180246986448765, 0.02969317539380147, 0.03137659209852035, 0.029333210478608426, 0.02966741930979949, 0.03036423371388362, 0.028687895490573004, 0.030365071904200774, 0.029117243651014108, 0.027669731814127702, 0.02625306724355771, 0.02768158196256711, 0.02845264570071147, 0.02808727639225813, 0.028115414942686375, 0.026033339735407095, 0.027602817576665144, 0.02603883296251297, 0.026068183665092174]","[0.5591201633214951, 0.3424251787364483, 0.19050594326108694, 0.1075980830937624, 0.0908975824713707, 0.08994841761887074, 0.08139456622302532, 0.07213337905704975, 0.06479947082698345, 0.059235913679003716, 0.05524101294577122, 0.05067497119307518, 0.04594259522855282, 0.04211907275021076, 0.040172211825847626, 0.03656269982457161, 0.035567499697208405, 0.03182718576863408, 0.030610369984060526, 0.02852727472782135, 0.027801611460745335, 0.026384172961115837, 0.024859472177922726, 0.02533128811046481, 0.024022043216973543, 0.023536153603345156, 0.023620035964995623, 0.02288881503045559, 0.022879249416291714, 0.022113292012363672, 0.022088145837187767, 0.021547322627156973, 0.02095548715442419, 0.022900215815752745, 0.02075623767450452, 0.02153825992718339, 0.020512531511485577, 0.021604963578283787, 0.020254965405911207, 0.02081166859716177, 0.020013551227748394, 0.021108731161803007, 0.019726522266864777, 0.01956910826265812, 0.01967416051775217, 0.019296472892165184, 0.01940466044470668, 0.018756328616291285, 0.01864195941016078, 0.018886497244238853, 0.01932199252769351, 0.019034484401345253, 0.018271058797836304, 0.01788882352411747, 0.018120898865163326, 0.01794195920228958, 0.01863593142479658, 0.017520229797810316, 0.017394677037373185, 0.017650060821324587]","['id(x0)', 'sin(x0)', 'cos(x0)']"
Nguyen-1,"id,sin,cos",1,True,1,64,tanh,elastic,onecycle,0.215851329157668,0.08554319821162128,3,3,1.0,1.0,1.0,"['id(x0)', 'sin(x0)', 'cos(x0)']",[],[],"[1.0238965291243334, 1.0160265198120704, 0.9987383759938754, 0.9771802196135888, 0.9660478509389437, 0.9457440651380099, 0.9440105740840619, 0.9149293349339411, 0.8998419275650611, 0.893320267017071, 0.8847977885833154, 0.8526515318797185, 0.8488363256821265, 0.8071439587152921, 0.7801916828522315, 0.76871002637423, 0.7428975793031546, 0.7186270906375005, 0.6903842229109544, 0.661037266254425, 0.639743488568526, 0.6170512346120981, 0.5857209379856403, 0.5395136131690099, 0.5199180497572973, 0.46896093625288743, 0.4551943013301262, 0.41295085274256194, 0.37356804655148435, 0.34877336942232573, 0.31402328266547275, 0.2839324703583351, 0.2514275828233132, 0.22257227622545683, 0.1964202202283419, 0.17100669214358696, 0.15940828105578056, 0.14799006168658918, 0.14088492267406905, 0.1325646466933764, 0.12549938490757576, 0.12342534271570352, 0.11683615812888512, 0.11667180806398392, 0.11022654920816422, 0.11152693170767564, 0.10682900651143147, 0.10395404008718637, 0.10240474629860657, 0.10010417149617122, 0.09366734612446564, 0.08939207459871586, 0.09097930502433044, 0.08633194405298966, 0.08329184869161019, 0.07973421479646976, 0.07652185140894009, 0.07551505817816807, 0.0728793482367809, 0.06996365120777717]","[0.8256742730736732, 0.8133544102311134, 0.8010050505399704, 0.7885422110557556, 0.7758564427495003, 0.7628778368234634, 0.7493955045938492, 0.7353408187627792, 0.7208442687988281, 0.7055249661207199, 0.6893865168094635, 0.6725054904818535, 0.654862567782402, 0.6362974047660828, 0.6166935041546822, 0.5962476581335068, 0.5747112780809402, 0.552258063107729, 0.5288806930184364, 0.5047016963362694, 0.47940148785710335, 0.4531552977859974, 0.42640604078769684, 0.39902979508042336, 0.3709731139242649, 0.34278200939297676, 0.31402819231152534, 0.28576721996068954, 0.25787256099283695, 0.2305649220943451, 0.20416251569986343, 0.1792688723653555, 0.15594814624637365, 0.1355553586035967, 0.11877385433763266, 0.10636151768267155, 0.09798865392804146, 0.0925934910774231, 0.08935596700757742, 0.08701351098716259, 0.084847591817379, 0.08334257081151009, 0.08195969462394714, 0.08038950338959694, 0.07789917010813951, 0.07554677687585354, 0.07326640281826258, 0.07089983019977808, 0.06826882716268301, 0.06656081601977348, 0.06421864125877619, 0.06187891401350498, 0.05921939481049776, 0.05763205885887146, 0.054889279417693615, 0.053391982801258564, 0.050985448993742466, 0.049113149754703045, 0.04754439368844032, 0.045323921367526054]","['id(x0)', 'sin(x0)', 'cos(x0)']"
Nguyen-1,"id,sin,cos",1,True,1,64,tanh,elastic,steplr,0.13323749426966458,0.08554319821162128,3,3,1.0,1.0,1.0,"['id(x0)', 'sin(x0)', 'cos(x0)']",[],[],"[0.8785613683553842, 0.5912605134340433, 0.3737662938924936, 0.21654521616605613, 0.14532857674818772, 0.12150232551189569, 0.12071291414590982, 0.10848018641655262, 0.09971838616407834, 0.09295695962814185, 0.08664195640729024, 0.07964566779824403, 0.0753842368721962, 0.06897305639890525, 0.0644715829537465, 0.059412428679374546, 0.05601621505159598, 0.05338119371579243, 0.04922832204745366, 0.04910761003310864, 0.0473715436573212, 0.04362754838970991, 0.04335778177930759, 0.04134597872885374, 0.03933807233205208, 0.03737022842352207, 0.03851239669781465, 0.03825854682005369, 0.03648655832960056, 0.03520700822655971, 0.03385317812745388, 0.035140302032232285, 0.03457195498049259, 0.03352132009772154, 0.03469672971046888, 0.031096721927707013, 0.03289632269969353, 0.03206916325367414, 0.03189258334728388, 0.033328960434748575, 0.030874712392687798, 0.03180246986448765, 0.02969317539380147, 0.03137659209852035, 0.029333210478608426, 0.02966741930979949, 0.03036423371388362, 0.028687895490573004, 0.030365071904200774, 0.029117243651014108, 0.027617591648147657, 0.02637343882368161, 0.02778817441027898, 0.028691598142568882, 0.028412084166820232, 0.028655757697728965, 0.02683270865908036, 0.028367509205753986, 0.027051067266326684, 0.027279431716753885]","[0.5591201633214951, 0.3424251787364483, 0.19050594326108694, 0.1075980830937624, 0.0908975824713707, 0.08994841761887074, 0.08139456622302532, 0.07213337905704975, 0.06479947082698345, 0.059235913679003716, 0.05524101294577122, 0.05067497119307518, 0.04594259522855282, 0.04211907275021076, 0.040172211825847626, 0.03656269982457161, 0.035567499697208405, 0.03182718576863408, 0.030610369984060526, 0.02852727472782135, 0.027801611460745335, 0.026384172961115837, 0.024859472177922726, 0.02533128811046481, 0.024022043216973543, 0.023536153603345156, 0.023620035964995623, 0.02288881503045559, 0.022879249416291714, 0.022113292012363672, 0.022088145837187767, 0.021547322627156973, 0.02095548715442419, 0.022900215815752745, 0.02075623767450452, 0.02153825992718339, 0.020512531511485577, 0.021604963578283787, 0.020254965405911207, 0.02081166859716177, 0.020013551227748394, 0.021108731161803007, 0.019726522266864777, 0.01956910826265812, 0.01967416051775217, 0.019296472892165184, 0.01940466044470668, 0.018756328616291285, 0.01864195941016078, 0.018886497244238853, 0.01917847990989685, 0.01873812498524785, 0.018853580113500357, 0.01834498578682542, 0.018494141288101673, 0.018366906326264143, 0.018547414802014828, 0.018133049365133047, 0.018496713135391474, 0.018085249699652195]","['id(x0)', 'sin(x0)', 'cos(x0)']"
Nguyen-1,"id,sin,cos",1,True,1,64,tanh,elastic,none,0.13105541372774404,0.08554319821162128,3,3,1.0,1.0,1.0,"['id(x0)', 'sin(x0)', 'cos(x0)']",[],[],"[0.8785613683553842, 0.5912605134340433, 0.3737662938924936, 0.21654521616605613, 0.14532857674818772, 0.12150232551189569, 0.12071291414590982, 0.10848018641655262, 0.09971838616407834, 0.09295695962814185, 0.08664195640729024, 0.07964566779824403, 0.0753842368721962, 0.06897305639890525, 0.0644715829537465, 0.059412428679374546, 0.05601621505159598, 0.05338119371579243, 0.04922832204745366, 0.04910761003310864, 0.0473715436573212, 0.04362754838970991, 0.04335778177930759, 0.04134597872885374, 0.03933807233205208, 0.03737022842352207, 0.03851239669781465, 0.03825854682005369, 0.03648655832960056, 0.03520700822655971, 0.03385317812745388, 0.035140302032232285, 0.03457195498049259, 0.03352132009772154, 0.03469672971046888, 0.031096721927707013, 0.03289632269969353, 0.03206916325367414, 0.03189258334728388, 0.033328960434748575, 0.030874712392687798, 0.03180246986448765, 0.02969317539380147, 0.03137659209852035, 0.029333210478608426, 0.02966741930979949, 0.03036423371388362, 0.028687895490573004, 0.030365071904200774, 0.029117243651014108, 0.027669731814127702, 0.02625306724355771, 0.02768158196256711, 0.02845264570071147, 0.02808727639225813, 0.028115414942686375, 0.026033339735407095, 0.027602817576665144, 0.02603883296251297, 0.026068183665092174]","[0.5591201633214951, 0.3424251787364483, 0.19050594326108694, 0.1075980830937624, 0.0908975824713707, 0.08994841761887074, 0.08139456622302532, 0.07213337905704975, 0.06479947082698345, 0.059235913679003716, 0.05524101294577122, 0.05067497119307518, 0.04594259522855282, 0.04211907275021076, 0.040172211825847626, 0.03656269982457161, 0.035567499697208405, 0.03182718576863408, 0.030610369984060526, 0.02852727472782135, 0.027801611460745335, 0.026384172961115837, 0.024859472177922726, 0.02533128811046481, 0.024022043216973543, 0.023536153603345156, 0.023620035964995623, 0.02288881503045559, 0.022879249416291714, 0.022113292012363672, 0.022088145837187767, 0.021547322627156973, 0.02095548715442419, 0.022900215815752745, 0.02075623767450452, 0.02153825992718339, 0.020512531511485577, 0.021604963578283787, 0.020254965405911207, 0.02081166859716177, 0.020013551227748394, 0.021108731161803007, 0.019726522266864777, 0.01956910826265812, 0.01967416051775217, 0.019296472892165184, 0.01940466044470668, 0.018756328616291285, 0.01864195941016078, 0.018886497244238853, 0.01932199252769351, 0.019034484401345253, 0.018271058797836304, 0.01788882352411747, 0.018120898865163326, 0.01794195920228958, 0.01863593142479658, 0.017520229797810316, 0.017394677037373185, 0.017650060821324587]","['id(x0)', 'sin(x0)', 'cos(x0)']"
Nguyen-1,"id,sin,cos",1,True,1,128,relu,lasso,onecycle,0.1092150699401813,0.08554319821162128,3,3,1.0,1.0,1.0,"['id(x0)', 'sin(x0)', 'cos(x0)']",[],[],"[1.449818675334637, 1.4177876435793364, 1.3885973875339215, 1.3629194222963774, 1.3497053522330065, 1.3327574821618886, 1.2866645409510686, 1.2551064445422246, 1.2337944828546965, 1.2032792614056513, 1.1948453187942505, 1.1409804821014404, 1.1093945732483497, 1.0550496073869557, 1.029639762181502, 0.9876617055672866, 0.9603358369607192, 0.8997034430503845, 0.8710518525196955, 0.823573887348175, 0.7709944706696731, 0.74362713098526, 0.6809776379511907, 0.637190580368042, 0.5765372445950141, 0.5243020080603086, 0.4768260900790875, 0.42589177191257477, 0.3788243853128873, 0.3287959133203213, 0.28678945853159976, 0.24865069068395174, 0.21539194996540362, 0.17928579392341468, 0.15237064373034698, 0.14264198679190415, 0.12086770970087785, 0.11040626466274261, 0.09909949451684952, 0.08971064881636547, 0.0814243543606538, 0.07244180887937546, 0.065470962283703, 0.05834013395584547, 0.055973197118594095, 0.05024235939177183, 0.0497073966723222, 0.04397868622954075, 0.042933192677222766, 0.04237689937536533, 0.036890802188561514, 0.03465615743054794, 0.034853571166212745, 0.032930296200972334, 0.03029423192716562, 0.02927817518894489, 0.028935474128677294, 0.02872127151260009, 0.025889578060461924, 0.024928499299746294]","[1.152024284005165, 1.1289926320314407, 1.1060763895511627, 1.0830780267715454, 1.0598163604736328, 1.036178708076477, 1.011902093887329, 0.9870718568563461, 0.961314395070076, 0.9346727281808853, 0.9069374948740005, 0.8781928345561028, 0.8482883647084236, 0.8172495439648628, 0.7849263250827789, 0.7514616027474403, 0.7168677672743797, 0.6810868680477142, 0.6442978791892529, 0.6063625738024712, 0.5672073066234589, 0.5271950513124466, 0.4863806553184986, 0.44513005018234253, 0.403414161875844, 0.36230362206697464, 0.3214361406862736, 0.281134782359004, 0.24261359870433807, 0.2066863849759102, 0.17401927709579468, 0.14527854230254889, 0.12185375392436981, 0.10434037540107965, 0.09147736616432667, 0.08146532531827688, 0.07288884092122316, 0.06475077755749226, 0.057881513610482216, 0.051610748283565044, 0.04643137939274311, 0.04126839246600866, 0.03779676463454962, 0.034534507896751165, 0.030870058573782444, 0.028408897574990988, 0.02635151334106922, 0.024762356653809547, 0.022955173160880804, 0.021546560805290937, 0.020771389361470938, 0.01907941699028015, 0.018129780422896147, 0.016893897904083133, 0.016116005601361394, 0.014990321826189756, 0.014474998693913221, 0.01338312984444201, 0.012742520542815328, 0.011706317542120814]","['id(x0)', 'sin(x0)', 'cos(x0)']"
Nguyen-1,"id,sin,cos",1,True,1,128,relu,lasso,steplr,0.030544340656271565,0.08554319821162128,3,3,1.0,1.0,1.0,"['id(x0)', 'sin(x0)', 'cos(x0)']",[],[],"[1.1834888595801134, 0.7322342579181378, 0.4195843728689047, 0.22352707901826271, 0.1311050498714814, 0.09818454258717023, 0.0728077836907827, 0.05513203144073486, 0.047186934030972995, 0.04050478940972915, 0.03524281972875962, 0.02946364521407164, 0.025194984215956468, 0.025156317422023185, 0.02228433911043864, 0.021222649285426505, 0.019833633676171303, 0.018351931268206008, 0.01787458066470348, 0.01712541511425605, 0.014600984967098786, 0.015354544998934636, 0.014881437859283043, 0.013391882611008791, 0.011959367288419833, 0.011968826910910698, 0.012585395803818336, 0.011694234509307604, 0.010892566078557419, 0.010367318987846375, 0.010270866851967115, 0.01014803615040504, 0.01089737256272481, 0.009597807477873106, 0.00869344540226918, 0.009714952455117153, 0.00886976969643281, 0.008732607122510672, 0.008743896005818477, 0.008111467835708307, 0.008556581209771909, 0.007451474845695954, 0.007029336590606432, 0.007206381047860934, 0.007804659696725698, 0.007558135817257257, 0.007922926308730474, 0.007538425485388591, 0.006912105860045323, 0.007562488389129822, 0.0068128680667051906, 0.007283622578073006, 0.006780101022181602, 0.006925556593789504, 0.0067183243540617135, 0.006748646712647035, 0.0067586689614332635, 0.0072888124805803485, 0.0067329048895492, 0.0066984349216979286]","[0.7048667073249817, 0.4098798483610153, 0.201877998188138, 0.10164045542478561, 0.07767242379486561, 0.05523621290922165, 0.038917616941034794, 0.029472201596945524, 0.02414600271731615, 0.02048291079699993, 0.018216445110738277, 0.015777066815644503, 0.013578527374193072, 0.012465392239391804, 0.010862714145332575, 0.009601862169802189, 0.008420169819146395, 0.007286671898327768, 0.006919550593011081, 0.005390570731833577, 0.005049403407610953, 0.004369916452560574, 0.003918577218428254, 0.0035463777894619852, 0.003616894711740315, 0.002987300424138084, 0.003062616800889373, 0.0027826823643408716, 0.002433951653074473, 0.0023410971043631434, 0.002362481813179329, 0.002056611920124851, 0.0019356365664862096, 0.0018496517150197178, 0.0017279542225878686, 0.0017722732882248238, 0.0015930518857203424, 0.001560851582325995, 0.0015150014660321176, 0.0014401464140973985, 0.0013348100910661742, 0.0012892053200630471, 0.0012269830476725474, 0.0012195252638775855, 0.0012152041890658438, 0.001184035252663307, 0.0013360145821934566, 0.0010289763886248693, 0.0010344088659621775, 0.001014823792502284, 0.0011469393502920866, 0.0009667855629231781, 0.000981057368335314, 0.0009951190440915525, 0.0008828853315208107, 0.0008826006014714949, 0.0008546516764909029, 0.0009366924059577286, 0.0008968955517048016, 0.0008445508137810975]","['id(x0)', 'sin(x0)', 'cos(x0)']"
Nguyen-1,"id,sin,cos",1,True,1,128,relu,lasso,none,0.029478239846721564,0.08554319821162128,3,3,1.0,1.0,1.0,"['id(x0)', 'sin(x0)', 'cos(x0)']",[],[],"[1.1834888595801134, 0.7322342579181378, 0.4195843728689047, 0.22352707901826271, 0.1311050498714814, 0.09818454258717023, 0.0728077836907827, 0.05513203144073486, 0.047186934030972995, 0.04050478940972915, 0.03524281972875962, 0.02946364521407164, 0.025194984215956468, 0.025156317422023185, 0.02228433911043864, 0.021222649285426505, 0.019833633676171303, 0.018351931268206008, 0.01787458066470348, 0.01712541511425605, 0.014600984967098786, 0.015354544998934636, 0.014881437859283043, 0.013391882611008791, 0.011959367288419833, 0.011968826910910698, 0.012585395803818336, 0.011694234509307604, 0.010892566078557419, 0.010367318987846375, 0.010270866851967115, 0.01014803615040504, 0.01089737256272481, 0.009597807477873106, 0.00869344540226918, 0.009714952455117153, 0.00886976969643281, 0.008732607122510672, 0.008743896005818477, 0.008111467835708307, 0.008556581209771909, 0.007451474845695954, 0.007029336590606432, 0.007206381047860934, 0.007804659696725698, 0.007558135817257257, 0.007922926308730474, 0.007538425485388591, 0.006912105860045323, 0.007562488389129822, 0.006840951454180937, 0.00732255418999837, 0.006688578125949089, 0.006695684045553207, 0.006551224344338362, 0.006583832293892136, 0.006539299009511104, 0.00699291958545263, 0.006460092352846494, 0.0064310140263002654]","[0.7048667073249817, 0.4098798483610153, 0.201877998188138, 0.10164045542478561, 0.07767242379486561, 0.05523621290922165, 0.038917616941034794, 0.029472201596945524, 0.02414600271731615, 0.02048291079699993, 0.018216445110738277, 0.015777066815644503, 0.013578527374193072, 0.012465392239391804, 0.010862714145332575, 0.009601862169802189, 0.008420169819146395, 0.007286671898327768, 0.006919550593011081, 0.005390570731833577, 0.005049403407610953, 0.004369916452560574, 0.003918577218428254, 0.0035463777894619852, 0.003616894711740315, 0.002987300424138084, 0.003062616800889373, 0.0027826823643408716, 0.002433951653074473, 0.0023410971043631434, 0.002362481813179329, 0.002056611920124851, 0.0019356365664862096, 0.0018496517150197178, 0.0017279542225878686, 0.0017722732882248238, 0.0015930518857203424, 0.001560851582325995, 0.0015150014660321176, 0.0014401464140973985, 0.0013348100910661742, 0.0012892053200630471, 0.0012269830476725474, 0.0012195252638775855, 0.0012152041890658438, 0.001184035252663307, 0.0013360145821934566, 0.0010289763886248693, 0.0010344088659621775, 0.001014823792502284, 0.0013132491440046579, 0.0009720361704239622, 0.0009984498319681734, 0.0010715830139815807, 0.0008047319133765996, 0.0007712329825153574, 0.0007927462283987552, 0.0007816189390723594, 0.0007624299178132787, 0.0008735095470910892]","['id(x0)', 'sin(x0)', 'cos(x0)']"
Nguyen-1,"id,sin,cos",1,True,1,128,relu,elastic,onecycle,0.1092150699401813,0.08554319821162128,3,3,1.0,1.0,1.0,"['id(x0)', 'sin(x0)', 'cos(x0)']",[],[],"[1.449818675334637, 1.4177876435793364, 1.3885973875339215, 1.3629194222963774, 1.3497053522330065, 1.3327574821618886, 1.2866645409510686, 1.2551064445422246, 1.2337944828546965, 1.2032792614056513, 1.1948453187942505, 1.1409804821014404, 1.1093945732483497, 1.0550496073869557, 1.029639762181502, 0.9876617055672866, 0.9603358369607192, 0.8997034430503845, 0.8710518525196955, 0.823573887348175, 0.7709944706696731, 0.74362713098526, 0.6809776379511907, 0.637190580368042, 0.5765372445950141, 0.5243020080603086, 0.4768260900790875, 0.42589177191257477, 0.3788243853128873, 0.3287959133203213, 0.28678945853159976, 0.24865069068395174, 0.21539194996540362, 0.17928579392341468, 0.15237064373034698, 0.14264198679190415, 0.12086770970087785, 0.11040626466274261, 0.09909949451684952, 0.08971064881636547, 0.0814243543606538, 0.07244180887937546, 0.065470962283703, 0.05834013395584547, 0.055973197118594095, 0.05024235939177183, 0.0497073966723222, 0.04397868622954075, 0.042933192677222766, 0.04237689937536533, 0.036890802188561514, 0.03465615743054794, 0.034853571166212745, 0.032930296200972334, 0.03029423192716562, 0.02927817518894489, 0.028935474128677294, 0.02872127151260009, 0.025889578060461924, 0.024928499299746294]","[1.152024284005165, 1.1289926320314407, 1.1060763895511627, 1.0830780267715454, 1.0598163604736328, 1.036178708076477, 1.011902093887329, 0.9870718568563461, 0.961314395070076, 0.9346727281808853, 0.9069374948740005, 0.8781928345561028, 0.8482883647084236, 0.8172495439648628, 0.7849263250827789, 0.7514616027474403, 0.7168677672743797, 0.6810868680477142, 0.6442978791892529, 0.6063625738024712, 0.5672073066234589, 0.5271950513124466, 0.4863806553184986, 0.44513005018234253, 0.403414161875844, 0.36230362206697464, 0.3214361406862736, 0.281134782359004, 0.24261359870433807, 0.2066863849759102, 0.17401927709579468, 0.14527854230254889, 0.12185375392436981, 0.10434037540107965, 0.09147736616432667, 0.08146532531827688, 0.07288884092122316, 0.06475077755749226, 0.057881513610482216, 0.051610748283565044, 0.04643137939274311, 0.04126839246600866, 0.03779676463454962, 0.034534507896751165, 0.030870058573782444, 0.028408897574990988, 0.02635151334106922, 0.024762356653809547, 0.022955173160880804, 0.021546560805290937, 0.020771389361470938, 0.01907941699028015, 0.018129780422896147, 0.016893897904083133, 0.016116005601361394, 0.014990321826189756, 0.014474998693913221, 0.01338312984444201, 0.012742520542815328, 0.011706317542120814]","['id(x0)', 'sin(x0)', 'cos(x0)']"
Nguyen-1,"id,sin,cos",1,True,1,128,relu,elastic,steplr,0.030544340656271565,0.08554319821162128,3,3,1.0,1.0,1.0,"['id(x0)', 'sin(x0)', 'cos(x0)']",[],[],"[1.1834888595801134, 0.7322342579181378, 0.4195843728689047, 0.22352707901826271, 0.1311050498714814, 0.09818454258717023, 0.0728077836907827, 0.05513203144073486, 0.047186934030972995, 0.04050478940972915, 0.03524281972875962, 0.02946364521407164, 0.025194984215956468, 0.025156317422023185, 0.02228433911043864, 0.021222649285426505, 0.019833633676171303, 0.018351931268206008, 0.01787458066470348, 0.01712541511425605, 0.014600984967098786, 0.015354544998934636, 0.014881437859283043, 0.013391882611008791, 0.011959367288419833, 0.011968826910910698, 0.012585395803818336, 0.011694234509307604, 0.010892566078557419, 0.010367318987846375, 0.010270866851967115, 0.01014803615040504, 0.01089737256272481, 0.009597807477873106, 0.00869344540226918, 0.009714952455117153, 0.00886976969643281, 0.008732607122510672, 0.008743896005818477, 0.008111467835708307, 0.008556581209771909, 0.007451474845695954, 0.007029336590606432, 0.007206381047860934, 0.007804659696725698, 0.007558135817257257, 0.007922926308730474, 0.007538425485388591, 0.006912105860045323, 0.007562488389129822, 0.0068128680667051906, 0.007283622578073006, 0.006780101022181602, 0.006925556593789504, 0.0067183243540617135, 0.006748646712647035, 0.0067586689614332635, 0.0072888124805803485, 0.0067329048895492, 0.0066984349216979286]","[0.7048667073249817, 0.4098798483610153, 0.201877998188138, 0.10164045542478561, 0.07767242379486561, 0.05523621290922165, 0.038917616941034794, 0.029472201596945524, 0.02414600271731615, 0.02048291079699993, 0.018216445110738277, 0.015777066815644503, 0.013578527374193072, 0.012465392239391804, 0.010862714145332575, 0.009601862169802189, 0.008420169819146395, 0.007286671898327768, 0.006919550593011081, 0.005390570731833577, 0.005049403407610953, 0.004369916452560574, 0.003918577218428254, 0.0035463777894619852, 0.003616894711740315, 0.002987300424138084, 0.003062616800889373, 0.0027826823643408716, 0.002433951653074473, 0.0023410971043631434, 0.002362481813179329, 0.002056611920124851, 0.0019356365664862096, 0.0018496517150197178, 0.0017279542225878686, 0.0017722732882248238, 0.0015930518857203424, 0.001560851582325995, 0.0015150014660321176, 0.0014401464140973985, 0.0013348100910661742, 0.0012892053200630471, 0.0012269830476725474, 0.0012195252638775855, 0.0012152041890658438, 0.001184035252663307, 0.0013360145821934566, 0.0010289763886248693, 0.0010344088659621775, 0.001014823792502284, 0.0011469393502920866, 0.0009667855629231781, 0.000981057368335314, 0.0009951190440915525, 0.0008828853315208107, 0.0008826006014714949, 0.0008546516764909029, 0.0009366924059577286, 0.0008968955517048016, 0.0008445508137810975]","['id(x0)', 'sin(x0)', 'cos(x0)']"
Nguyen-1,"id,sin,cos",1,True,1,128,relu,elastic,none,0.029478239846721564,0.08554319821162128,3,3,1.0,1.0,1.0,"['id(x0)', 'sin(x0)', 'cos(x0)']",[],[],"[1.1834888595801134, 0.7322342579181378, 0.4195843728689047, 0.22352707901826271, 0.1311050498714814, 0.09818454258717023, 0.0728077836907827, 0.05513203144073486, 0.047186934030972995, 0.04050478940972915, 0.03524281972875962, 0.02946364521407164, 0.025194984215956468, 0.025156317422023185, 0.02228433911043864, 0.021222649285426505, 0.019833633676171303, 0.018351931268206008, 0.01787458066470348, 0.01712541511425605, 0.014600984967098786, 0.015354544998934636, 0.014881437859283043, 0.013391882611008791, 0.011959367288419833, 0.011968826910910698, 0.012585395803818336, 0.011694234509307604, 0.010892566078557419, 0.010367318987846375, 0.010270866851967115, 0.01014803615040504, 0.01089737256272481, 0.009597807477873106, 0.00869344540226918, 0.009714952455117153, 0.00886976969643281, 0.008732607122510672, 0.008743896005818477, 0.008111467835708307, 0.008556581209771909, 0.007451474845695954, 0.007029336590606432, 0.007206381047860934, 0.007804659696725698, 0.007558135817257257, 0.007922926308730474, 0.007538425485388591, 0.006912105860045323, 0.007562488389129822, 0.006840951454180937, 0.00732255418999837, 0.006688578125949089, 0.006695684045553207, 0.006551224344338362, 0.006583832293892136, 0.006539299009511104, 0.00699291958545263, 0.006460092352846494, 0.0064310140263002654]","[0.7048667073249817, 0.4098798483610153, 0.201877998188138, 0.10164045542478561, 0.07767242379486561, 0.05523621290922165, 0.038917616941034794, 0.029472201596945524, 0.02414600271731615, 0.02048291079699993, 0.018216445110738277, 0.015777066815644503, 0.013578527374193072, 0.012465392239391804, 0.010862714145332575, 0.009601862169802189, 0.008420169819146395, 0.007286671898327768, 0.006919550593011081, 0.005390570731833577, 0.005049403407610953, 0.004369916452560574, 0.003918577218428254, 0.0035463777894619852, 0.003616894711740315, 0.002987300424138084, 0.003062616800889373, 0.0027826823643408716, 0.002433951653074473, 0.0023410971043631434, 0.002362481813179329, 0.002056611920124851, 0.0019356365664862096, 0.0018496517150197178, 0.0017279542225878686, 0.0017722732882248238, 0.0015930518857203424, 0.001560851582325995, 0.0015150014660321176, 0.0014401464140973985, 0.0013348100910661742, 0.0012892053200630471, 0.0012269830476725474, 0.0012195252638775855, 0.0012152041890658438, 0.001184035252663307, 0.0013360145821934566, 0.0010289763886248693, 0.0010344088659621775, 0.001014823792502284, 0.0013132491440046579, 0.0009720361704239622, 0.0009984498319681734, 0.0010715830139815807, 0.0008047319133765996, 0.0007712329825153574, 0.0007927462283987552, 0.0007816189390723594, 0.0007624299178132787, 0.0008735095470910892]","['id(x0)', 'sin(x0)', 'cos(x0)']"
Nguyen-1,"id,sin,cos",1,True,1,128,gelu,lasso,onecycle,0.14434515598045333,0.08554319821162128,3,3,1.0,1.0,1.0,"['id(x0)', 'sin(x0)', 'cos(x0)']",[],[],"[1.418689755293039, 1.388375658255357, 1.3596782959424532, 1.3320454542453473, 1.321932737643902, 1.304140833707956, 1.261787983087393, 1.2299991020789514, 1.2110360631575952, 1.1826541469647334, 1.1737330785164466, 1.122602907510904, 1.0912684752390935, 1.0410526807491596, 1.0166329053732066, 0.9772098706318781, 0.9543590958301837, 0.8945059180259705, 0.8665099648328928, 0.820543843966264, 0.77140323473857, 0.7469132634309622, 0.6862887831834646, 0.6423115982459142, 0.5853404746605799, 0.5377233555683723, 0.4899075535627512, 0.44102986271564776, 0.3967217459128453, 0.34782559138077956, 0.3056140828591127, 0.2663220980992684, 0.23347878341491407, 0.19322906319911665, 0.16632308409764215, 0.1544180833376371, 0.1346994535281108, 0.12599200239548317, 0.116988493846013, 0.11093362306173031, 0.10428422804062183, 0.09659899312716264, 0.08861175380074061, 0.0818305964080187, 0.07817676663398743, 0.07079257271610774, 0.07006896057954201, 0.06332593927016625, 0.059417009353637695, 0.05835565351522886, 0.05084077068246328, 0.04721347500498478, 0.04593506283484972, 0.04305728267018612, 0.03853696169188389, 0.03733501683634061, 0.03618804465692777, 0.035039123720847644, 0.03260341630532192, 0.031034832247174703]","[1.124709576368332, 1.1028050780296326, 1.0810225009918213, 1.059178665280342, 1.0371135771274567, 1.0146970450878143, 0.991716742515564, 0.9681942760944366, 0.9438679218292236, 0.9186943173408508, 0.8925530835986137, 0.86545430123806, 0.837279349565506, 0.808038204908371, 0.7776075676083565, 0.7460411414504051, 0.7133773416280746, 0.6795382723212242, 0.6446951888501644, 0.6087167598307133, 0.5715790316462517, 0.533576525747776, 0.49478035420179367, 0.45548582077026367, 0.4156634956598282, 0.37622675858438015, 0.3369085267186165, 0.29794213734567165, 0.2602662369608879, 0.2245457712560892, 0.1912756059318781, 0.1611041035503149, 0.13557352032512426, 0.11583239957690239, 0.10194056108593941, 0.09324882738292217, 0.0876674260944128, 0.08311561308801174, 0.07900570333003998, 0.07441978715360165, 0.07019233517348766, 0.06499732099473476, 0.06088305730372667, 0.0567078422755003, 0.051948314532637596, 0.04834131710231304, 0.044847147539258, 0.041647909209132195, 0.038889436051249504, 0.03603452816605568, 0.033923118840903044, 0.03130216337740421, 0.02951981406658888, 0.027542694006115198, 0.02639958169311285, 0.024877392686903477, 0.024093701038509607, 0.02302015060558915, 0.02247262606397271, 0.021411215886473656]","['id(x0)', 'sin(x0)', 'cos(x0)']"
Nguyen-1,"id,sin,cos",1,True,1,128,gelu,lasso,steplr,0.023242324110344607,0.08554319821162128,3,3,1.0,1.0,1.0,"['id(x0)', 'sin(x0)', 'cos(x0)']",[],[],"[1.1647556469990656, 0.7299248713713425, 0.42393922347288865, 0.22739852563692972, 0.13752232721218696, 0.11337930307938503, 0.09325478971004486, 0.07522257474752572, 0.0640094205737114, 0.05482385106957876, 0.04654082483970202, 0.038675018514578156, 0.03284501155408529, 0.03258711457825624, 0.028389953936521824, 0.026974259660794184, 0.025954421466359727, 0.024681809573219374, 0.02436736598610878, 0.02331385245689979, 0.021043111498539265, 0.02056931109669117, 0.020278524607419968, 0.01887986257385749, 0.0169731115635771, 0.017151015165906686, 0.01646986775673353, 0.014773082059736434, 0.014210105443803163, 0.012808950188068243, 0.01218776755894606, 0.011577431112527847, 0.012256263110500116, 0.010144426666486722, 0.009412375386231221, 0.009562928086289993, 0.008892060508235143, 0.00851318591202681, 0.007863346451463608, 0.006987263484356495, 0.008100633115436021, 0.006642750858400877, 0.00624766075410522, 0.006223018746823072, 0.0063765778277929015, 0.006110243750019715, 0.006071398500353098, 0.006239786815757935, 0.005515133675474387, 0.005861692703687227, 0.005643376220877354, 0.005874279564103255, 0.005731125612958119, 0.005950366719984091, 0.005529617389234213, 0.005653186593777859, 0.005587493839602058, 0.0055258506909012794, 0.005476599809928582, 0.0056450334556687335]","[0.7006697207689285, 0.41158419474959373, 0.207564371638, 0.10651323013007641, 0.0912171583622694, 0.07749161124229431, 0.059277333319187164, 0.04713030718266964, 0.038218374364078045, 0.03249207558110356, 0.028518264647573233, 0.02525360696017742, 0.022527516819536686, 0.02190926857292652, 0.020232477225363255, 0.019886195193976164, 0.019105739425867796, 0.01809561299160123, 0.01799835590645671, 0.01629120809957385, 0.01587110199034214, 0.014679596526548266, 0.013669273583218455, 0.012781055411323905, 0.012626479845494032, 0.011010239133611321, 0.010815942194312811, 0.009590817149728537, 0.00856020487844944, 0.007564039085991681, 0.007203505025245249, 0.006003339891321957, 0.005440987762995064, 0.0045913823414593935, 0.0041968097211793065, 0.0035666398471221328, 0.0029497097129933536, 0.002686771797016263, 0.002232506813015789, 0.0018483467283658683, 0.0015120638709049672, 0.0013534075405914336, 0.0011394785688025877, 0.0009798611863516271, 0.0009411253849975765, 0.0008086224115686491, 0.0008976493991212919, 0.0006652591837337241, 0.0006320285465335473, 0.0007116072811186314, 0.0005741939094150439, 0.0005802543673780747, 0.0005792075826320797, 0.0005801413353765383, 0.0005183428002055734, 0.0005576934927375987, 0.0005454100901260972, 0.0005124147355672903, 0.0005791943840449676, 0.0004949131543980911]","['id(x0)', 'sin(x0)', 'cos(x0)']"
Nguyen-1,"id,sin,cos",1,True,1,128,gelu,lasso,none,0.0218488196574905,0.08554319821162128,3,3,1.0,1.0,1.0,"['id(x0)', 'sin(x0)', 'cos(x0)']",[],[],"[1.1647556469990656, 0.7299248713713425, 0.42393922347288865, 0.22739852563692972, 0.13752232721218696, 0.11337930307938503, 0.09325478971004486, 0.07522257474752572, 0.0640094205737114, 0.05482385106957876, 0.04654082483970202, 0.038675018514578156, 0.03284501155408529, 0.03258711457825624, 0.028389953936521824, 0.026974259660794184, 0.025954421466359727, 0.024681809573219374, 0.02436736598610878, 0.02331385245689979, 0.021043111498539265, 0.02056931109669117, 0.020278524607419968, 0.01887986257385749, 0.0169731115635771, 0.017151015165906686, 0.01646986775673353, 0.014773082059736434, 0.014210105443803163, 0.012808950188068243, 0.01218776755894606, 0.011577431112527847, 0.012256263110500116, 0.010144426666486722, 0.009412375386231221, 0.009562928086289993, 0.008892060508235143, 0.00851318591202681, 0.007863346451463608, 0.006987263484356495, 0.008100633115436021, 0.006642750858400877, 0.00624766075410522, 0.006223018746823072, 0.0063765778277929015, 0.006110243750019715, 0.006071398500353098, 0.006239786815757935, 0.005515133675474387, 0.005861692703687227, 0.005681180180265353, 0.005914229863824753, 0.005678589402053218, 0.005872690799431159, 0.005484012922701927, 0.005581104913010047, 0.005435824447956223, 0.00533944543880912, 0.005255162142790281, 0.005412337012015856]","[0.7006697207689285, 0.41158419474959373, 0.207564371638, 0.10651323013007641, 0.0912171583622694, 0.07749161124229431, 0.059277333319187164, 0.04713030718266964, 0.038218374364078045, 0.03249207558110356, 0.028518264647573233, 0.02525360696017742, 0.022527516819536686, 0.02190926857292652, 0.020232477225363255, 0.019886195193976164, 0.019105739425867796, 0.01809561299160123, 0.01799835590645671, 0.01629120809957385, 0.01587110199034214, 0.014679596526548266, 0.013669273583218455, 0.012781055411323905, 0.012626479845494032, 0.011010239133611321, 0.010815942194312811, 0.009590817149728537, 0.00856020487844944, 0.007564039085991681, 0.007203505025245249, 0.006003339891321957, 0.005440987762995064, 0.0045913823414593935, 0.0041968097211793065, 0.0035666398471221328, 0.0029497097129933536, 0.002686771797016263, 0.002232506813015789, 0.0018483467283658683, 0.0015120638709049672, 0.0013534075405914336, 0.0011394785688025877, 0.0009798611863516271, 0.0009411253849975765, 0.0008086224115686491, 0.0008976493991212919, 0.0006652591837337241, 0.0006320285465335473, 0.0007116072811186314, 0.0007256670360220596, 0.0006553401472046971, 0.0005621098098345101, 0.0007142493705032393, 0.0005579673088504933, 0.0004986524436390027, 0.0006126125445007347, 0.000479923517559655, 0.0005037638111389242, 0.00043885046761715785]","['id(x0)', 'sin(x0)', 'cos(x0)']"
Nguyen-1,"id,sin,cos",1,True,1,128,gelu,elastic,onecycle,0.14434515598045333,0.08554319821162128,3,3,1.0,1.0,1.0,"['id(x0)', 'sin(x0)', 'cos(x0)']",[],[],"[1.418689755293039, 1.388375658255357, 1.3596782959424532, 1.3320454542453473, 1.321932737643902, 1.304140833707956, 1.261787983087393, 1.2299991020789514, 1.2110360631575952, 1.1826541469647334, 1.1737330785164466, 1.122602907510904, 1.0912684752390935, 1.0410526807491596, 1.0166329053732066, 0.9772098706318781, 0.9543590958301837, 0.8945059180259705, 0.8665099648328928, 0.820543843966264, 0.77140323473857, 0.7469132634309622, 0.6862887831834646, 0.6423115982459142, 0.5853404746605799, 0.5377233555683723, 0.4899075535627512, 0.44102986271564776, 0.3967217459128453, 0.34782559138077956, 0.3056140828591127, 0.2663220980992684, 0.23347878341491407, 0.19322906319911665, 0.16632308409764215, 0.1544180833376371, 0.1346994535281108, 0.12599200239548317, 0.116988493846013, 0.11093362306173031, 0.10428422804062183, 0.09659899312716264, 0.08861175380074061, 0.0818305964080187, 0.07817676663398743, 0.07079257271610774, 0.07006896057954201, 0.06332593927016625, 0.059417009353637695, 0.05835565351522886, 0.05084077068246328, 0.04721347500498478, 0.04593506283484972, 0.04305728267018612, 0.03853696169188389, 0.03733501683634061, 0.03618804465692777, 0.035039123720847644, 0.03260341630532192, 0.031034832247174703]","[1.124709576368332, 1.1028050780296326, 1.0810225009918213, 1.059178665280342, 1.0371135771274567, 1.0146970450878143, 0.991716742515564, 0.9681942760944366, 0.9438679218292236, 0.9186943173408508, 0.8925530835986137, 0.86545430123806, 0.837279349565506, 0.808038204908371, 0.7776075676083565, 0.7460411414504051, 0.7133773416280746, 0.6795382723212242, 0.6446951888501644, 0.6087167598307133, 0.5715790316462517, 0.533576525747776, 0.49478035420179367, 0.45548582077026367, 0.4156634956598282, 0.37622675858438015, 0.3369085267186165, 0.29794213734567165, 0.2602662369608879, 0.2245457712560892, 0.1912756059318781, 0.1611041035503149, 0.13557352032512426, 0.11583239957690239, 0.10194056108593941, 0.09324882738292217, 0.0876674260944128, 0.08311561308801174, 0.07900570333003998, 0.07441978715360165, 0.07019233517348766, 0.06499732099473476, 0.06088305730372667, 0.0567078422755003, 0.051948314532637596, 0.04834131710231304, 0.044847147539258, 0.041647909209132195, 0.038889436051249504, 0.03603452816605568, 0.033923118840903044, 0.03130216337740421, 0.02951981406658888, 0.027542694006115198, 0.02639958169311285, 0.024877392686903477, 0.024093701038509607, 0.02302015060558915, 0.02247262606397271, 0.021411215886473656]","['id(x0)', 'sin(x0)', 'cos(x0)']"
Nguyen-1,"id,sin,cos",1,True,1,128,gelu,elastic,steplr,0.023242324110344607,0.08554319821162128,3,3,1.0,1.0,1.0,"['id(x0)', 'sin(x0)', 'cos(x0)']",[],[],"[1.1647556469990656, 0.7299248713713425, 0.42393922347288865, 0.22739852563692972, 0.13752232721218696, 0.11337930307938503, 0.09325478971004486, 0.07522257474752572, 0.0640094205737114, 0.05482385106957876, 0.04654082483970202, 0.038675018514578156, 0.03284501155408529, 0.03258711457825624, 0.028389953936521824, 0.026974259660794184, 0.025954421466359727, 0.024681809573219374, 0.02436736598610878, 0.02331385245689979, 0.021043111498539265, 0.02056931109669117, 0.020278524607419968, 0.01887986257385749, 0.0169731115635771, 0.017151015165906686, 0.01646986775673353, 0.014773082059736434, 0.014210105443803163, 0.012808950188068243, 0.01218776755894606, 0.011577431112527847, 0.012256263110500116, 0.010144426666486722, 0.009412375386231221, 0.009562928086289993, 0.008892060508235143, 0.00851318591202681, 0.007863346451463608, 0.006987263484356495, 0.008100633115436021, 0.006642750858400877, 0.00624766075410522, 0.006223018746823072, 0.0063765778277929015, 0.006110243750019715, 0.006071398500353098, 0.006239786815757935, 0.005515133675474387, 0.005861692703687227, 0.005643376220877354, 0.005874279564103255, 0.005731125612958119, 0.005950366719984091, 0.005529617389234213, 0.005653186593777859, 0.005587493839602058, 0.0055258506909012794, 0.005476599809928582, 0.0056450334556687335]","[0.7006697207689285, 0.41158419474959373, 0.207564371638, 0.10651323013007641, 0.0912171583622694, 0.07749161124229431, 0.059277333319187164, 0.04713030718266964, 0.038218374364078045, 0.03249207558110356, 0.028518264647573233, 0.02525360696017742, 0.022527516819536686, 0.02190926857292652, 0.020232477225363255, 0.019886195193976164, 0.019105739425867796, 0.01809561299160123, 0.01799835590645671, 0.01629120809957385, 0.01587110199034214, 0.014679596526548266, 0.013669273583218455, 0.012781055411323905, 0.012626479845494032, 0.011010239133611321, 0.010815942194312811, 0.009590817149728537, 0.00856020487844944, 0.007564039085991681, 0.007203505025245249, 0.006003339891321957, 0.005440987762995064, 0.0045913823414593935, 0.0041968097211793065, 0.0035666398471221328, 0.0029497097129933536, 0.002686771797016263, 0.002232506813015789, 0.0018483467283658683, 0.0015120638709049672, 0.0013534075405914336, 0.0011394785688025877, 0.0009798611863516271, 0.0009411253849975765, 0.0008086224115686491, 0.0008976493991212919, 0.0006652591837337241, 0.0006320285465335473, 0.0007116072811186314, 0.0005741939094150439, 0.0005802543673780747, 0.0005792075826320797, 0.0005801413353765383, 0.0005183428002055734, 0.0005576934927375987, 0.0005454100901260972, 0.0005124147355672903, 0.0005791943840449676, 0.0004949131543980911]","['id(x0)', 'sin(x0)', 'cos(x0)']"
Nguyen-1,"id,sin,cos",1,True,1,128,gelu,elastic,none,0.0218488196574905,0.08554319821162128,3,3,1.0,1.0,1.0,"['id(x0)', 'sin(x0)', 'cos(x0)']",[],[],"[1.1647556469990656, 0.7299248713713425, 0.42393922347288865, 0.22739852563692972, 0.13752232721218696, 0.11337930307938503, 0.09325478971004486, 0.07522257474752572, 0.0640094205737114, 0.05482385106957876, 0.04654082483970202, 0.038675018514578156, 0.03284501155408529, 0.03258711457825624, 0.028389953936521824, 0.026974259660794184, 0.025954421466359727, 0.024681809573219374, 0.02436736598610878, 0.02331385245689979, 0.021043111498539265, 0.02056931109669117, 0.020278524607419968, 0.01887986257385749, 0.0169731115635771, 0.017151015165906686, 0.01646986775673353, 0.014773082059736434, 0.014210105443803163, 0.012808950188068243, 0.01218776755894606, 0.011577431112527847, 0.012256263110500116, 0.010144426666486722, 0.009412375386231221, 0.009562928086289993, 0.008892060508235143, 0.00851318591202681, 0.007863346451463608, 0.006987263484356495, 0.008100633115436021, 0.006642750858400877, 0.00624766075410522, 0.006223018746823072, 0.0063765778277929015, 0.006110243750019715, 0.006071398500353098, 0.006239786815757935, 0.005515133675474387, 0.005861692703687227, 0.005681180180265353, 0.005914229863824753, 0.005678589402053218, 0.005872690799431159, 0.005484012922701927, 0.005581104913010047, 0.005435824447956223, 0.00533944543880912, 0.005255162142790281, 0.005412337012015856]","[0.7006697207689285, 0.41158419474959373, 0.207564371638, 0.10651323013007641, 0.0912171583622694, 0.07749161124229431, 0.059277333319187164, 0.04713030718266964, 0.038218374364078045, 0.03249207558110356, 0.028518264647573233, 0.02525360696017742, 0.022527516819536686, 0.02190926857292652, 0.020232477225363255, 0.019886195193976164, 0.019105739425867796, 0.01809561299160123, 0.01799835590645671, 0.01629120809957385, 0.01587110199034214, 0.014679596526548266, 0.013669273583218455, 0.012781055411323905, 0.012626479845494032, 0.011010239133611321, 0.010815942194312811, 0.009590817149728537, 0.00856020487844944, 0.007564039085991681, 0.007203505025245249, 0.006003339891321957, 0.005440987762995064, 0.0045913823414593935, 0.0041968097211793065, 0.0035666398471221328, 0.0029497097129933536, 0.002686771797016263, 0.002232506813015789, 0.0018483467283658683, 0.0015120638709049672, 0.0013534075405914336, 0.0011394785688025877, 0.0009798611863516271, 0.0009411253849975765, 0.0008086224115686491, 0.0008976493991212919, 0.0006652591837337241, 0.0006320285465335473, 0.0007116072811186314, 0.0007256670360220596, 0.0006553401472046971, 0.0005621098098345101, 0.0007142493705032393, 0.0005579673088504933, 0.0004986524436390027, 0.0006126125445007347, 0.000479923517559655, 0.0005037638111389242, 0.00043885046761715785]","['id(x0)', 'sin(x0)', 'cos(x0)']"
Nguyen-1,"id,sin,cos",1,True,1,128,tanh,lasso,onecycle,0.1609790574214574,0.08554319821162128,3,3,1.0,1.0,1.0,"['id(x0)', 'sin(x0)', 'cos(x0)']",[],[],"[1.5825106364030104, 1.5286637819730318, 1.4803809844530547, 1.4237791024721587, 1.4063671552217925, 1.3632129247371967, 1.3012524934915395, 1.2555917822397673, 1.2210773596396813, 1.1752497553825378, 1.1427736374048085, 1.0758561812914336, 1.0197371657078083, 0.9578176874380845, 0.9172780972260696, 0.8558615216842065, 0.8227668771376977, 0.7415993534601651, 0.6944597592720618, 0.6346483780787542, 0.5800092930977161, 0.5349732889578893, 0.4677081245642442, 0.4120993476647597, 0.35152555314394146, 0.30489521760206956, 0.2587521236676436, 0.21968928896463835, 0.1855515826206941, 0.15522311513240522, 0.14044625197465604, 0.12868709231798464, 0.12758224915999633, 0.11969637240354832, 0.11387172398658899, 0.11688145192769858, 0.11010888677376968, 0.10389382277543728, 0.09832718223333359, 0.0963244025523846, 0.09351705415890767, 0.0880529313133313, 0.08031819875423725, 0.07797478769834225, 0.07664375666242379, 0.07052226995046322, 0.07112314322820076, 0.06630195018190604, 0.06328857174286476, 0.06370528500813705, 0.05706742205298864, 0.0550646844964761, 0.05343673206292666, 0.05243130916586289, 0.047770622974404923, 0.04741183467782461, 0.04507641924115328, 0.045786817773030355, 0.043506657561430566, 0.04173906806569833]","[1.2590118944644928, 1.219988688826561, 1.1815749108791351, 1.1434399634599686, 1.1053284406661987, 1.0670136511325836, 1.0282131731510162, 0.9889211878180504, 0.9488285630941391, 0.9079154208302498, 0.8660633862018585, 0.8233191296458244, 0.7796640321612358, 0.735176682472229, 0.6897919401526451, 0.6436855979263783, 0.5969118028879166, 0.5495728030800819, 0.5020865276455879, 0.45438678935170174, 0.40649572014808655, 0.35931435227394104, 0.3131426814943552, 0.2691298630088568, 0.22746211383491755, 0.18993796780705452, 0.15698188543319702, 0.12910386733710766, 0.10832605790346861, 0.09616433177143335, 0.09062009677290916, 0.0889365840703249, 0.08739385567605495, 0.08567802794277668, 0.08230149559676647, 0.07762281224131584, 0.07396330498158932, 0.06983793433755636, 0.0666049337014556, 0.0632603382691741, 0.06150110810995102, 0.05727524310350418, 0.055448039434850216, 0.05149937979876995, 0.04884130973368883, 0.04663245007395744, 0.043573218397796154, 0.041937410831451416, 0.039818800054490566, 0.03763502463698387, 0.03628992009907961, 0.03378836438059807, 0.0336115756072104, 0.031319187954068184, 0.030370658729225397, 0.02943195216357708, 0.02898113615810871, 0.027565056923776865, 0.027075960766524076, 0.02659249072894454]","['id(x0)', 'sin(x0)', 'cos(x0)']"
Nguyen-1,"id,sin,cos",1,True,1,128,tanh,lasso,steplr,0.10569965477988053,0.08554319821162128,3,3,1.0,1.0,1.0,"['id(x0)', 'sin(x0)', 'cos(x0)']",[],[],"[1.1624649671407847, 0.5498113815601056, 0.22952066820401412, 0.13284276884335738, 0.11847937622895607, 0.10194426373793529, 0.08751656745488827, 0.07467801639666924, 0.06855185329914093, 0.05994597507210878, 0.056149351195647165, 0.04894214868545532, 0.04451728698152762, 0.04259404196189, 0.04000492308002252, 0.03834881389943453, 0.0376852318071402, 0.03624272962602285, 0.03489682637155056, 0.03559537274906269, 0.03351794656079549, 0.031885094654101595, 0.03198239021003246, 0.03112132789996954, 0.029993788840679023, 0.03137360570522455, 0.030262266643918477, 0.028448176498596486, 0.029016742912622597, 0.02799848696360221, 0.02656072062941698, 0.02636234763150032, 0.02800246786612731, 0.026916463787739094, 0.02540037566079543, 0.026293976948811457, 0.025727125744406994, 0.025270823962413348, 0.02392003398675185, 0.023753790614696648, 0.0244776878792506, 0.0231835158685079, 0.022004790174273346, 0.021458217444328163, 0.021790121037226457, 0.021956060654841937, 0.021751118107483938, 0.02123029143191301, 0.021077242751534168, 0.02137950392296681, 0.018748965974037465, 0.018573226120609503, 0.019593096123291895, 0.019687331926364165, 0.01858988139205254, 0.01866006335386863, 0.017620585715541474, 0.018477699361168422, 0.018772368820813987, 0.018101622708714925]","[0.5955151170492172, 0.2435181736946106, 0.0975599680095911, 0.10403528437018394, 0.07707755453884602, 0.06320186983793974, 0.05480491276830435, 0.04885301273316145, 0.039965081959962845, 0.03573047183454037, 0.03241340583190322, 0.030337652191519737, 0.02760590659454465, 0.026415417902171612, 0.025506465695798397, 0.02620132314041257, 0.026567846070975065, 0.023812156170606613, 0.023609598632901907, 0.02349354699254036, 0.022910395171493292, 0.022406242787837982, 0.021865160670131445, 0.021243246737867594, 0.021118830423802137, 0.021190373227000237, 0.02082094084471464, 0.020077061839401722, 0.01992100477218628, 0.018666057381778955, 0.01901870407164097, 0.017991976346820593, 0.01780360657721758, 0.017208897974342108, 0.016882034949958324, 0.01643971912562847, 0.016262131743133068, 0.016163845546543598, 0.015840298729017377, 0.01640601991675794, 0.014873349806293845, 0.014637135900557041, 0.014206603867933154, 0.013829964213073254, 0.013992121443152428, 0.014259302755817771, 0.0136510138399899, 0.013239513151347637, 0.012595516862347722, 0.01270829257555306, 0.012344833929091692, 0.012145848711952567, 0.01225243229418993, 0.012502194149419665, 0.01174491224810481, 0.011865244014188647, 0.011966960970312357, 0.011940011754631996, 0.011326779378578067, 0.011360584059730172]","['id(x0)', 'sin(x0)', 'cos(x0)']"
Nguyen-1,"id,sin,cos",1,True,1,128,tanh,lasso,none,0.10011437314292455,0.08554319821162128,3,3,1.0,1.0,1.0,"['id(x0)', 'sin(x0)', 'cos(x0)']",[],[],"[1.1624649671407847, 0.5498113815601056, 0.22952066820401412, 0.13284276884335738, 0.11847937622895607, 0.10194426373793529, 0.08751656745488827, 0.07467801639666924, 0.06855185329914093, 0.05994597507210878, 0.056149351195647165, 0.04894214868545532, 0.04451728698152762, 0.04259404196189, 0.04000492308002252, 0.03834881389943453, 0.0376852318071402, 0.03624272962602285, 0.03489682637155056, 0.03559537274906269, 0.03351794656079549, 0.031885094654101595, 0.03198239021003246, 0.03112132789996954, 0.029993788840679023, 0.03137360570522455, 0.030262266643918477, 0.028448176498596486, 0.029016742912622597, 0.02799848696360221, 0.02656072062941698, 0.02636234763150032, 0.02800246786612731, 0.026916463787739094, 0.02540037566079543, 0.026293976948811457, 0.025727125744406994, 0.025270823962413348, 0.02392003398675185, 0.023753790614696648, 0.0244776878792506, 0.0231835158685079, 0.022004790174273346, 0.021458217444328163, 0.021790121037226457, 0.021956060654841937, 0.021751118107483938, 0.02123029143191301, 0.021077242751534168, 0.02137950392296681, 0.018700344344744317, 0.018455309650072686, 0.01921335321206313, 0.019202110285942372, 0.017942394846333906, 0.01794370335455124, 0.01690983772277832, 0.017546707549347326, 0.017679819980492957, 0.016947896864551764]","[0.5955151170492172, 0.2435181736946106, 0.0975599680095911, 0.10403528437018394, 0.07707755453884602, 0.06320186983793974, 0.05480491276830435, 0.04885301273316145, 0.039965081959962845, 0.03573047183454037, 0.03241340583190322, 0.030337652191519737, 0.02760590659454465, 0.026415417902171612, 0.025506465695798397, 0.02620132314041257, 0.026567846070975065, 0.023812156170606613, 0.023609598632901907, 0.02349354699254036, 0.022910395171493292, 0.022406242787837982, 0.021865160670131445, 0.021243246737867594, 0.021118830423802137, 0.021190373227000237, 0.02082094084471464, 0.020077061839401722, 0.01992100477218628, 0.018666057381778955, 0.01901870407164097, 0.017991976346820593, 0.01780360657721758, 0.017208897974342108, 0.016882034949958324, 0.01643971912562847, 0.016262131743133068, 0.016163845546543598, 0.015840298729017377, 0.01640601991675794, 0.014873349806293845, 0.014637135900557041, 0.014206603867933154, 0.013829964213073254, 0.013992121443152428, 0.014259302755817771, 0.0136510138399899, 0.013239513151347637, 0.012595516862347722, 0.01270829257555306, 0.012187092797830701, 0.01202055811882019, 0.011645465390756726, 0.011833876837044954, 0.011244334978982806, 0.011049146996811032, 0.01069255848415196, 0.010762559017166495, 0.010348815703764558, 0.009932913118973374]","['id(x0)', 'sin(x0)', 'cos(x0)']"
Nguyen-1,"id,sin,cos",1,True,1,128,tanh,elastic,onecycle,0.1609790574214574,0.08554319821162128,3,3,1.0,1.0,1.0,"['id(x0)', 'sin(x0)', 'cos(x0)']",[],[],"[1.5825106364030104, 1.5286637819730318, 1.4803809844530547, 1.4237791024721587, 1.4063671552217925, 1.3632129247371967, 1.3012524934915395, 1.2555917822397673, 1.2210773596396813, 1.1752497553825378, 1.1427736374048085, 1.0758561812914336, 1.0197371657078083, 0.9578176874380845, 0.9172780972260696, 0.8558615216842065, 0.8227668771376977, 0.7415993534601651, 0.6944597592720618, 0.6346483780787542, 0.5800092930977161, 0.5349732889578893, 0.4677081245642442, 0.4120993476647597, 0.35152555314394146, 0.30489521760206956, 0.2587521236676436, 0.21968928896463835, 0.1855515826206941, 0.15522311513240522, 0.14044625197465604, 0.12868709231798464, 0.12758224915999633, 0.11969637240354832, 0.11387172398658899, 0.11688145192769858, 0.11010888677376968, 0.10389382277543728, 0.09832718223333359, 0.0963244025523846, 0.09351705415890767, 0.0880529313133313, 0.08031819875423725, 0.07797478769834225, 0.07664375666242379, 0.07052226995046322, 0.07112314322820076, 0.06630195018190604, 0.06328857174286476, 0.06370528500813705, 0.05706742205298864, 0.0550646844964761, 0.05343673206292666, 0.05243130916586289, 0.047770622974404923, 0.04741183467782461, 0.04507641924115328, 0.045786817773030355, 0.043506657561430566, 0.04173906806569833]","[1.2590118944644928, 1.219988688826561, 1.1815749108791351, 1.1434399634599686, 1.1053284406661987, 1.0670136511325836, 1.0282131731510162, 0.9889211878180504, 0.9488285630941391, 0.9079154208302498, 0.8660633862018585, 0.8233191296458244, 0.7796640321612358, 0.735176682472229, 0.6897919401526451, 0.6436855979263783, 0.5969118028879166, 0.5495728030800819, 0.5020865276455879, 0.45438678935170174, 0.40649572014808655, 0.35931435227394104, 0.3131426814943552, 0.2691298630088568, 0.22746211383491755, 0.18993796780705452, 0.15698188543319702, 0.12910386733710766, 0.10832605790346861, 0.09616433177143335, 0.09062009677290916, 0.0889365840703249, 0.08739385567605495, 0.08567802794277668, 0.08230149559676647, 0.07762281224131584, 0.07396330498158932, 0.06983793433755636, 0.0666049337014556, 0.0632603382691741, 0.06150110810995102, 0.05727524310350418, 0.055448039434850216, 0.05149937979876995, 0.04884130973368883, 0.04663245007395744, 0.043573218397796154, 0.041937410831451416, 0.039818800054490566, 0.03763502463698387, 0.03628992009907961, 0.03378836438059807, 0.0336115756072104, 0.031319187954068184, 0.030370658729225397, 0.02943195216357708, 0.02898113615810871, 0.027565056923776865, 0.027075960766524076, 0.02659249072894454]","['id(x0)', 'sin(x0)', 'cos(x0)']"
Nguyen-1,"id,sin,cos",1,True,1,128,tanh,elastic,steplr,0.10569965477988053,0.08554319821162128,3,3,1.0,1.0,1.0,"['id(x0)', 'sin(x0)', 'cos(x0)']",[],[],"[1.1624649671407847, 0.5498113815601056, 0.22952066820401412, 0.13284276884335738, 0.11847937622895607, 0.10194426373793529, 0.08751656745488827, 0.07467801639666924, 0.06855185329914093, 0.05994597507210878, 0.056149351195647165, 0.04894214868545532, 0.04451728698152762, 0.04259404196189, 0.04000492308002252, 0.03834881389943453, 0.0376852318071402, 0.03624272962602285, 0.03489682637155056, 0.03559537274906269, 0.03351794656079549, 0.031885094654101595, 0.03198239021003246, 0.03112132789996954, 0.029993788840679023, 0.03137360570522455, 0.030262266643918477, 0.028448176498596486, 0.029016742912622597, 0.02799848696360221, 0.02656072062941698, 0.02636234763150032, 0.02800246786612731, 0.026916463787739094, 0.02540037566079543, 0.026293976948811457, 0.025727125744406994, 0.025270823962413348, 0.02392003398675185, 0.023753790614696648, 0.0244776878792506, 0.0231835158685079, 0.022004790174273346, 0.021458217444328163, 0.021790121037226457, 0.021956060654841937, 0.021751118107483938, 0.02123029143191301, 0.021077242751534168, 0.02137950392296681, 0.018748965974037465, 0.018573226120609503, 0.019593096123291895, 0.019687331926364165, 0.01858988139205254, 0.01866006335386863, 0.017620585715541474, 0.018477699361168422, 0.018772368820813987, 0.018101622708714925]","[0.5955151170492172, 0.2435181736946106, 0.0975599680095911, 0.10403528437018394, 0.07707755453884602, 0.06320186983793974, 0.05480491276830435, 0.04885301273316145, 0.039965081959962845, 0.03573047183454037, 0.03241340583190322, 0.030337652191519737, 0.02760590659454465, 0.026415417902171612, 0.025506465695798397, 0.02620132314041257, 0.026567846070975065, 0.023812156170606613, 0.023609598632901907, 0.02349354699254036, 0.022910395171493292, 0.022406242787837982, 0.021865160670131445, 0.021243246737867594, 0.021118830423802137, 0.021190373227000237, 0.02082094084471464, 0.020077061839401722, 0.01992100477218628, 0.018666057381778955, 0.01901870407164097, 0.017991976346820593, 0.01780360657721758, 0.017208897974342108, 0.016882034949958324, 0.01643971912562847, 0.016262131743133068, 0.016163845546543598, 0.015840298729017377, 0.01640601991675794, 0.014873349806293845, 0.014637135900557041, 0.014206603867933154, 0.013829964213073254, 0.013992121443152428, 0.014259302755817771, 0.0136510138399899, 0.013239513151347637, 0.012595516862347722, 0.01270829257555306, 0.012344833929091692, 0.012145848711952567, 0.01225243229418993, 0.012502194149419665, 0.01174491224810481, 0.011865244014188647, 0.011966960970312357, 0.011940011754631996, 0.011326779378578067, 0.011360584059730172]","['id(x0)', 'sin(x0)', 'cos(x0)']"
Nguyen-1,"id,sin,cos",1,True,1,128,tanh,elastic,none,0.10011437314292455,0.08554319821162128,3,3,1.0,1.0,1.0,"['id(x0)', 'sin(x0)', 'cos(x0)']",[],[],"[1.1624649671407847, 0.5498113815601056, 0.22952066820401412, 0.13284276884335738, 0.11847937622895607, 0.10194426373793529, 0.08751656745488827, 0.07467801639666924, 0.06855185329914093, 0.05994597507210878, 0.056149351195647165, 0.04894214868545532, 0.04451728698152762, 0.04259404196189, 0.04000492308002252, 0.03834881389943453, 0.0376852318071402, 0.03624272962602285, 0.03489682637155056, 0.03559537274906269, 0.03351794656079549, 0.031885094654101595, 0.03198239021003246, 0.03112132789996954, 0.029993788840679023, 0.03137360570522455, 0.030262266643918477, 0.028448176498596486, 0.029016742912622597, 0.02799848696360221, 0.02656072062941698, 0.02636234763150032, 0.02800246786612731, 0.026916463787739094, 0.02540037566079543, 0.026293976948811457, 0.025727125744406994, 0.025270823962413348, 0.02392003398675185, 0.023753790614696648, 0.0244776878792506, 0.0231835158685079, 0.022004790174273346, 0.021458217444328163, 0.021790121037226457, 0.021956060654841937, 0.021751118107483938, 0.02123029143191301, 0.021077242751534168, 0.02137950392296681, 0.018700344344744317, 0.018455309650072686, 0.01921335321206313, 0.019202110285942372, 0.017942394846333906, 0.01794370335455124, 0.01690983772277832, 0.017546707549347326, 0.017679819980492957, 0.016947896864551764]","[0.5955151170492172, 0.2435181736946106, 0.0975599680095911, 0.10403528437018394, 0.07707755453884602, 0.06320186983793974, 0.05480491276830435, 0.04885301273316145, 0.039965081959962845, 0.03573047183454037, 0.03241340583190322, 0.030337652191519737, 0.02760590659454465, 0.026415417902171612, 0.025506465695798397, 0.02620132314041257, 0.026567846070975065, 0.023812156170606613, 0.023609598632901907, 0.02349354699254036, 0.022910395171493292, 0.022406242787837982, 0.021865160670131445, 0.021243246737867594, 0.021118830423802137, 0.021190373227000237, 0.02082094084471464, 0.020077061839401722, 0.01992100477218628, 0.018666057381778955, 0.01901870407164097, 0.017991976346820593, 0.01780360657721758, 0.017208897974342108, 0.016882034949958324, 0.01643971912562847, 0.016262131743133068, 0.016163845546543598, 0.015840298729017377, 0.01640601991675794, 0.014873349806293845, 0.014637135900557041, 0.014206603867933154, 0.013829964213073254, 0.013992121443152428, 0.014259302755817771, 0.0136510138399899, 0.013239513151347637, 0.012595516862347722, 0.01270829257555306, 0.012187092797830701, 0.01202055811882019, 0.011645465390756726, 0.011833876837044954, 0.011244334978982806, 0.011049146996811032, 0.01069255848415196, 0.010762559017166495, 0.010348815703764558, 0.009932913118973374]","['id(x0)', 'sin(x0)', 'cos(x0)']"
Nguyen-1,"id,sin,cos",1,True,2,64,relu,lasso,onecycle,0.04242151816850135,0.08554319821162128,3,3,1.0,1.0,1.0,"['id(x0)', 'sin(x0)', 'cos(x0)']",[],[],"[1.040837783079881, 1.0329642525086036, 1.020721476811629, 0.9924757343072158, 0.9754788050284753, 0.956959761106051, 0.9348995548028213, 0.934722730746636, 0.896387150654426, 0.8786280017632705, 0.8621959181932303, 0.8633402769382184, 0.8219265020810641, 0.8052020439734826, 0.7676025949991666, 0.7485986489516038, 0.7101036126797016, 0.673226175399927, 0.6513722034601065, 0.6060137129746951, 0.569663235774407, 0.5357460356675662, 0.49188286983049834, 0.45034156625087446, 0.40123720123217654, 0.3446901348920969, 0.29446542721528274, 0.2528494745492935, 0.2074363518219728, 0.17952428471583587, 0.1446208764727299, 0.12691239267587662, 0.10687892482830928, 0.09139616328936356, 0.08019454834552911, 0.07124537229537964, 0.061018670694186136, 0.047715009978184335, 0.04735925679023449, 0.04326134805495922, 0.03938198376160402, 0.03332337307242247, 0.03075369203893038, 0.029450816173966114, 0.02989045072060365, 0.028864325668949347, 0.02507008010378251, 0.023096139041277077, 0.023114565688257035, 0.024479680479719088, 0.022109230407155477, 0.021531915578704614, 0.020556139616438977, 0.021050345582457688, 0.021212299426014606, 0.021238964767410204, 0.018828267947985575, 0.019102649978147104, 0.019998912771160785, 0.01823448368276541]","[0.8251723796129227, 0.8104945123195648, 0.7957732677459717, 0.7809447199106216, 0.7658621147274971, 0.7504528239369392, 0.7348695397377014, 0.7190330699086189, 0.7029510512948036, 0.6860615462064743, 0.6679871380329132, 0.6487616002559662, 0.6283401921391487, 0.6065023243427277, 0.582925271242857, 0.5581482276320457, 0.5316766314208508, 0.5034242123365402, 0.47351740673184395, 0.4416514113545418, 0.4075247496366501, 0.3715862035751343, 0.33413951098918915, 0.29527247697114944, 0.25452395528554916, 0.2139038285240531, 0.17447968665510416, 0.13909183628857136, 0.11009003035724163, 0.08930932451039553, 0.07436349941417575, 0.06216336693614721, 0.051600437611341476, 0.043257368728518486, 0.03478522319346666, 0.02917173132300377, 0.02393434662371874, 0.019639370730146766, 0.015255225822329521, 0.012963885674253106, 0.01001937803812325, 0.00776456412859261, 0.006564760231412947, 0.004618534934706986, 0.004076271667145193, 0.0030068569467402995, 0.0027094174292869866, 0.002351457776967436, 0.0021252083242870867, 0.001960091234650463, 0.0017822766239987686, 0.0018385718285571784, 0.0018365859577897936, 0.0016736608959035948, 0.0016499968041898683, 0.001756167082930915, 0.0017952405323740095, 0.0017554466903675348, 0.0016430726100225002, 0.001623108662897721]","['id(x0)', 'sin(x0)', 'cos(x0)']"
Nguyen-1,"id,sin,cos",1,True,2,64,relu,lasso,steplr,0.02175444153273938,0.08554319821162128,3,3,1.0,1.0,1.0,"['id(x0)', 'sin(x0)', 'cos(x0)']",[],[],"[0.8736004737707285, 0.5829650094875922, 0.30411897828945744, 0.1487081108184961, 0.09233973003350772, 0.06162026524543762, 0.04149869571511562, 0.033645558959016435, 0.02882753126323223, 0.023303998061097585, 0.02468151642152896, 0.02308769180224492, 0.020909331380747832, 0.0194381820037961, 0.021508762899499673, 0.02015136669461544, 0.01819165158443726, 0.020059512355006658, 0.020421453465062838, 0.016185191101752795, 0.01622963288369087, 0.016483342919785243, 0.01597528489163289, 0.0160421163846667, 0.01634108217862936, 0.01501614492959701, 0.014914430462970184, 0.013639119167167407, 0.013049979622547444, 0.013583810426867925, 0.013130910264757963, 0.013878951923778424, 0.011535526826404609, 0.012976433293750653, 0.012849839547505746, 0.013468440192250105, 0.013371937764951816, 0.010926008117027007, 0.012202050715971451, 0.01319063576654746, 0.012334643075099358, 0.012247972082919799, 0.011425631837202953, 0.010686298903937522, 0.01228574115353135, 0.012561966808369527, 0.011950506327243952, 0.00975597259373619, 0.010338797878760558, 0.010407453044675864, 0.010124528888039865, 0.011289795215886373, 0.009149053169844242, 0.010718719066622166, 0.011170655560608093, 0.010580742516769813, 0.009647039410013419, 0.009936983267275186, 0.011264591979292722, 0.010460702093461385]","[0.5472952276468277, 0.31081128492951393, 0.11289963638409972, 0.06967645511031151, 0.03542311675846577, 0.021571924909949303, 0.01351716136559844, 0.007565603358671069, 0.0034084575599990785, 0.0021749738662038, 0.0019894189317710698, 0.002150424348656088, 0.0018919409485533834, 0.001694375358056277, 0.0018122459296137094, 0.0021306538837961853, 0.0018478137790225446, 0.0017146652680821717, 0.0018834407674148679, 0.0017013746546581388, 0.001501463062595576, 0.001508038694737479, 0.001348237827187404, 0.0013792151294182986, 0.0014336966560222208, 0.0013259805564302951, 0.0011892155889654532, 0.0010410792019683868, 0.001470345028792508, 0.0013971076696179807, 0.0011668441002257168, 0.0010517806513234973, 0.0008256649016402662, 0.0007513204182032496, 0.0009582180355209857, 0.0009326725121354684, 0.000581142394366907, 0.0011130596103612334, 0.0012102382606826723, 0.0006209561906871386, 0.0009722874092403799, 0.001019552830257453, 0.000801213362137787, 0.0007822593615856022, 0.0008177589916158468, 0.0006968368397792801, 0.0010436592565383762, 0.0008327022223966196, 0.00086503493366763, 0.0007040753116598353, 0.0006719903904013336, 0.0005787540940218605, 0.0009341857512481511, 0.0005213354306761175, 0.0005721268098568544, 0.00041301233432022855, 0.0005744365480495617, 0.0006737882504239678, 0.0006262504175538197, 0.0007700549176661298]","['id(x0)', 'sin(x0)', 'cos(x0)']"
Nguyen-1,"id,sin,cos",1,True,2,64,relu,lasso,none,0.0203954704171021,0.08554319821162128,3,3,1.0,1.0,1.0,"['id(x0)', 'sin(x0)', 'cos(x0)']",[],[],"[0.8736004737707285, 0.5829650094875922, 0.30411897828945744, 0.1487081108184961, 0.09233973003350772, 0.06162026524543762, 0.04149869571511562, 0.033645558959016435, 0.02882753126323223, 0.023303998061097585, 0.02468151642152896, 0.02308769180224492, 0.020909331380747832, 0.0194381820037961, 0.021508762899499673, 0.02015136669461544, 0.01819165158443726, 0.020059512355006658, 0.020421453465062838, 0.016185191101752795, 0.01622963288369087, 0.016483342919785243, 0.01597528489163289, 0.0160421163846667, 0.01634108217862936, 0.01501614492959701, 0.014914430462970184, 0.013639119167167407, 0.013049979622547444, 0.013583810426867925, 0.013130910264757963, 0.013878951923778424, 0.011535526826404609, 0.012976433293750653, 0.012849839547505746, 0.013468440192250105, 0.013371937764951816, 0.010926008117027007, 0.012202050715971451, 0.01319063576654746, 0.012334643075099358, 0.012247972082919799, 0.011425631837202953, 0.010686298903937522, 0.01228574115353135, 0.012561966808369527, 0.011950506327243952, 0.00975597259373619, 0.010338797878760558, 0.010407453044675864, 0.010114746598096995, 0.011265401477710558, 0.009048237322041621, 0.010683516398645364, 0.011138835241301702, 0.010667760963909902, 0.009648872539401054, 0.009826280319919953, 0.011203688461906634, 0.010265197246693648]","[0.5472952276468277, 0.31081128492951393, 0.11289963638409972, 0.06967645511031151, 0.03542311675846577, 0.021571924909949303, 0.01351716136559844, 0.007565603358671069, 0.0034084575599990785, 0.0021749738662038, 0.0019894189317710698, 0.002150424348656088, 0.0018919409485533834, 0.001694375358056277, 0.0018122459296137094, 0.0021306538837961853, 0.0018478137790225446, 0.0017146652680821717, 0.0018834407674148679, 0.0017013746546581388, 0.001501463062595576, 0.001508038694737479, 0.001348237827187404, 0.0013792151294182986, 0.0014336966560222208, 0.0013259805564302951, 0.0011892155889654532, 0.0010410792019683868, 0.001470345028792508, 0.0013971076696179807, 0.0011668441002257168, 0.0010517806513234973, 0.0008256649016402662, 0.0007513204182032496, 0.0009582180355209857, 0.0009326725121354684, 0.000581142394366907, 0.0011130596103612334, 0.0012102382606826723, 0.0006209561906871386, 0.0009722874092403799, 0.001019552830257453, 0.000801213362137787, 0.0007822593615856022, 0.0008177589916158468, 0.0006968368397792801, 0.0010436592565383762, 0.0008327022223966196, 0.00086503493366763, 0.0007040753116598353, 0.000684010301483795, 0.0005197653154027648, 0.0008642796601634473, 0.0008623917237855494, 0.0009786780574359, 0.00038028665221645497, 0.0004280515422578901, 0.0009721588940010406, 0.0005905913130845875, 0.0003707776195369661]","['id(x0)', 'sin(x0)', 'cos(x0)']"
Nguyen-1,"id,sin,cos",1,True,2,64,relu,elastic,onecycle,0.04242151816850135,0.08554319821162128,3,3,1.0,1.0,1.0,"['id(x0)', 'sin(x0)', 'cos(x0)']",[],[],"[1.040837783079881, 1.0329642525086036, 1.020721476811629, 0.9924757343072158, 0.9754788050284753, 0.956959761106051, 0.9348995548028213, 0.934722730746636, 0.896387150654426, 0.8786280017632705, 0.8621959181932303, 0.8633402769382184, 0.8219265020810641, 0.8052020439734826, 0.7676025949991666, 0.7485986489516038, 0.7101036126797016, 0.673226175399927, 0.6513722034601065, 0.6060137129746951, 0.569663235774407, 0.5357460356675662, 0.49188286983049834, 0.45034156625087446, 0.40123720123217654, 0.3446901348920969, 0.29446542721528274, 0.2528494745492935, 0.2074363518219728, 0.17952428471583587, 0.1446208764727299, 0.12691239267587662, 0.10687892482830928, 0.09139616328936356, 0.08019454834552911, 0.07124537229537964, 0.061018670694186136, 0.047715009978184335, 0.04735925679023449, 0.04326134805495922, 0.03938198376160402, 0.03332337307242247, 0.03075369203893038, 0.029450816173966114, 0.02989045072060365, 0.028864325668949347, 0.02507008010378251, 0.023096139041277077, 0.023114565688257035, 0.024479680479719088, 0.022109230407155477, 0.021531915578704614, 0.020556139616438977, 0.021050345582457688, 0.021212299426014606, 0.021238964767410204, 0.018828267947985575, 0.019102649978147104, 0.019998912771160785, 0.01823448368276541]","[0.8251723796129227, 0.8104945123195648, 0.7957732677459717, 0.7809447199106216, 0.7658621147274971, 0.7504528239369392, 0.7348695397377014, 0.7190330699086189, 0.7029510512948036, 0.6860615462064743, 0.6679871380329132, 0.6487616002559662, 0.6283401921391487, 0.6065023243427277, 0.582925271242857, 0.5581482276320457, 0.5316766314208508, 0.5034242123365402, 0.47351740673184395, 0.4416514113545418, 0.4075247496366501, 0.3715862035751343, 0.33413951098918915, 0.29527247697114944, 0.25452395528554916, 0.2139038285240531, 0.17447968665510416, 0.13909183628857136, 0.11009003035724163, 0.08930932451039553, 0.07436349941417575, 0.06216336693614721, 0.051600437611341476, 0.043257368728518486, 0.03478522319346666, 0.02917173132300377, 0.02393434662371874, 0.019639370730146766, 0.015255225822329521, 0.012963885674253106, 0.01001937803812325, 0.00776456412859261, 0.006564760231412947, 0.004618534934706986, 0.004076271667145193, 0.0030068569467402995, 0.0027094174292869866, 0.002351457776967436, 0.0021252083242870867, 0.001960091234650463, 0.0017822766239987686, 0.0018385718285571784, 0.0018365859577897936, 0.0016736608959035948, 0.0016499968041898683, 0.001756167082930915, 0.0017952405323740095, 0.0017554466903675348, 0.0016430726100225002, 0.001623108662897721]","['id(x0)', 'sin(x0)', 'cos(x0)']"
